filename,number_transits,scorer,experiment,fishID,black,black_thigmo,white,white_thigmo
FRI_Scototaxis_ADAMS/gridded_commongarden_prescoto_beatrice_july_2018_na_na_wallcam_ADAMS.csv,74,0,prescoto,beatrice,187.82900000000018,323.57699999999994,46.552999999999656,42.041000000000224
FRI_Scototaxis_ADAMS/gridded_commongarden_prescoto_becca_july_13_2018_na_na_wallcam_ADAMS.csv,69,Adams,prescoto,becca,7.2800000000000225,516.323,1.1229999999999905,75.27400000000007
FRI_Scototaxis_ADAMS/gridded_commongarden_prescoto_bella_july_13_2018_na_na_doorcam_ADAMS.csv,18,Adams,prescoto,bella,12.047000000000097,588.4359999999999,0,0
FRI_Scototaxis_ADAMS/gridded_commongarden_prescoto_bernadette_august_9_2018_na_na_doorcam_ADAMS.csv,56,Adams,prescoto,bernadette,194.6569999999999,319.1980000000001,8.326999999999998,77.81800000000007
FRI_Scototaxis_ADAMS/gridded_commongarden_prescoto_bernice_august_13_2018_na_na_wallcam_ADAMS.csv,101,Adams,prescoto,bernice,175.9099999999999,285.48100000000017,21.851999999999997,116.75699999999986
FRI_Scototaxis_ADAMS/gridded_commongarden_prescoto_blossom_july_10_2018_na_na_doorcam_ADAMS.csv,57,Adams,prescoto,blossom,130.13500000000008,312.6059999999999,61.273000000000025,95.98600000000002
FRI_Scototaxis_ADAMS/gridded_commongarden_prescoto_carla_september_6_2018_na_na_doorcam_ADAMS.csv,73,Adams,prescoto,carla,87.66499999999996,397.81499999999994,1.1169999999999618,113.40300000000015
FRI_Scototaxis_ADAMS/gridded_commongarden_prescoto_catalina_september_6_2018_na_na_wallcam_ADAMS.csv,56,Adams,prescoto,catalina,217.007,311.19499999999994,26.361000000000075,45.43700000000001
FRI_Scototaxis_ADAMS/gridded_commongarden_prescoto_charlotte_august_30_2018_na_na_doorcam_ADAMS.csv,81,Adams,prescoto,charlotte,60.14499999999988,344.45000000000005,19.04100000000005,176.36400000000006
FRI_Scototaxis_ADAMS/gridded_commongarden_prescoto_chloe_august_30_2018_na_na_wallcam_ADAMS.csv,47,Adams,prescoto,chloe,144.93199999999996,451.94900000000007,1.399000000000001,1.7199999999999136
FRI_Scototaxis_ADAMS/gridded_commongarden_prescoto_claire_august_30_2018_na_na_wallcam_ADAMS.csv,108,Adams,prescoto,claire,137.92299999999997,292.3329999999999,40.878000000000014,128.8660000000001
FRI_Scototaxis_ADAMS/gridded_commongarden_prescoto_daisy_august_30_2018_na_na_wallcam_ADAMS.csv,94,Adams,prescoto,daisy,238.87499999999997,263.9200000000001,38.08700000000009,59.11799999999984
FRI_Scototaxis_ADAMS/gridded_commongarden_prescoto_daniela_september_6_2018_na_na_wallcam_ADAMS.csv,97,Adams,prescoto,daniela,152.40099999999984,307.00300000000016,35.002000000000194,105.59399999999981
FRI_Scototaxis_ADAMS/gridded_commongarden_prescoto_dawn_august_30_2018_na_na_doorcam_ADAMS.csv,108,Adams,prescoto,dawn,50.951000000000064,316.56400000000025,22.97499999999991,209.50999999999976
FRI_Scototaxis_ADAMS/gridded_commongarden_prescoto_delfina_september_6_2018_na_na_doorcam_ADAMS.csv,71,Adams,prescoto,delfina,56.84300000000002,447.71799999999996,27.833000000000016,67.60599999999994
FRI_Scototaxis_ADAMS/gridded_commongarden_prescoto_diana_august_30_2018_na_na_doorcam_ADAMS.csv,39,Adams,prescoto,diana,158.178,409.305,13.47999999999999,19.036999999999978
FRI_Scototaxis_BALLARD/gridded_commongarden_prescoto_beatrice_july_10_2018_na_na_wallcam_BALLARD.csv,68,Ballard,prescoto,beatrice,206.8750000000001,303.8790000000001,43.843000000000046,45.40299999999982
FRI_Scototaxis_BALLARD/gridded_commongarden_prescoto_becca_july_13_2018_na_na_wallcam_BALLARD.csv,62,Ballard,prescoto,becca,5.716000000000051,519.2399999999998,0.5179999999999723,74.52600000000027
FRI_Scototaxis_BALLARD/gridded_commongarden_prescoto_bella_july_13_2018_na_na_doorcam_BALLARD.csv,11,Ballard,prescoto,bella,6.244000000000085,593.7559999999999,0,0
FRI_Scototaxis_BALLARD/gridded_commongarden_prescoto_bernadette_august_9_2018_na_na_doorcam_BALLARD.csv,54,Ballard,prescoto,bernadette,196.79600000000013,317.3679999999999,8.31800000000004,77.51799999999994
FRI_Scototaxis_BALLARD/gridded_commongarden_prescoto_bernice_august_13_2018_na_na_wallcam_BALLARD.csv,81,Ballard,prescoto,bernice,150.844,318.11999999999966,17.160000000000082,113.87600000000018
FRI_Scototaxis_BALLARD/gridded_commongarden_prescoto_blossom_july_10_2018_na_na_doorcam_BALLARD.csv,42,Ballard,prescoto,blossom,129.48200000000003,317.116,58.239999999999895,95.16200000000009
FRI_Scototaxis_BALLARD/gridded_commongarden_prescoto_carla_september_6_2018_na_na_doorcam_BALLARD.csv,61,Ballard,prescoto,carla,88.92200000000004,398.7560000000001,0,112.32199999999987
FRI_Scototaxis_BALLARD/gridded_commongarden_prescoto_catalina_september_6_2018_na_na_wallcam_BALLARD.csv,52,Ballard,prescoto,catalina,204.27999999999983,327.5980000000001,21.83800000000005,46.28399999999999
FRI_Scototaxis_BALLARD/gridded_commongarden_prescoto_charlotte_august_30_2018_na_na_doorcam_BALLARD.csv,65,Ballard,prescoto,charlotte,43.166,367.03599999999983,11.961999999999964,177.83600000000015
FRI_Scototaxis_BALLARD/gridded_commongarden_prescoto_chloe_august_30_2018_na_na_wallcam_BALLARD.csv,35,Ballard,prescoto,chloe,153.10599999999994,443.77400000000006,3.1200000000000045,0
FRI_Scototaxis_BALLARD/gridded_commongarden_prescoto_claire_august_30_2018_na_na_wallcam_BALLARD.csv,91,Ballard,prescoto,claire,121.60200000000015,295.878,28.594000000000023,153.92599999999987
FRI_Scototaxis_BALLARD/gridded_commongarden_prescoto_daisy_august_30_2018_na_na_wallcam_BALLARD.csv,74,Ballard,prescoto,daisy,213.64399999999986,290.1520000000001,35.35999999999994,60.84400000000005
FRI_Scototaxis_BALLARD/gridded_commongarden_prescoto_daniela_september_6_2018_na_na_wallcam_BALLARD.csv,74,Ballard,prescoto,daniela,137.04000000000008,313.63999999999993,27.597999999999942,121.72200000000007
FRI_Scototaxis_BALLARD/gridded_commongarden_prescoto_dawn_august_30_2018_na_na_doorcam_BALLARD.csv,97,Ballard,prescoto,dawn,44.83000000000001,329.71600000000007,17.76400000000008,207.68999999999988
FRI_Scototaxis_BALLARD/gridded_commongarden_prescoto_delfina_september_6_2018_na_na_doorcam_BALLARD.csv,48,Ballard,prescoto,delfina,48.2759999999999,457.6020000000001,20.799999999999983,73.32199999999996
FRI_Scototaxis_BALLARD/gridded_commongarden_prescoto_diana_august_30_2018_na_na_doorcam_BALLARD.csv,31,Ballard,prescoto,diana,141.714,427.08599999999996,13.518,17.682000000000016
FRI_Scototaxis_BAO/gridded_commongarden_prescoto_beatrice_july_10_2018_na_na_wallcam_BAO.csv,84,Bao,prescoto,beatrice,211.03199999999998,301.06899999999996,41.876000000000204,46.02299999999991
FRI_Scototaxis_BAO/gridded_commongarden_prescoto_becca_july_13_2018_na_na_wallcam_BAO.csv,77,Bao,prescoto,becca,10.564000000000007,514.1890000000002,0.8389999999999986,74.4079999999998
FRI_Scototaxis_BAO/gridded_commongarden_prescoto_bella_july_13_2018_na_na_doorcam_BAO.csv,24,Bao,prescoto,bella,11.997000000000092,588.0029999999998,0,0
FRI_Scototaxis_BAO/gridded_commongarden_prescoto_bernadette_august_09_2018_na_na_doorcam_BAO.csv,73,Bao,prescoto,bernadette,192.28900000000021,320.1969999999997,8.959000000000032,78.55500000000004
FRI_Scototaxis_BAO/gridded_commongarden_prescoto_bernice_august_13_2018_na_na_wallcam_BAO.csv,103,Bao,prescoto,bernice,174.64399999999995,286.68200000000013,20.076999999999998,118.59699999999987
FRI_Scototaxis_BAO/gridded_commongarden_prescoto_blossom_july_10_2018_na_na_doorcam_BAO.csv,56,Bao,prescoto,blossom,133.123,310.11400000000003,56.95800000000014,99.80499999999978
FRI_Scototaxis_BAO/gridded_commongarden_prescoto_carla_september_06_2018_na_na_doorcam_BAO.csv,76,Bao,prescoto,carla,88.23599999999999,393.962,0.839999999999975,116.96199999999996
FRI_Scototaxis_BAO/gridded_commongarden_prescoto_catalina_september_06_2018_na_na_wallcam_BAO.csv,60,Bao,prescoto,catalina,215.9250000000001,312.6450000000001,25.790999999999826,45.63900000000001
FRI_Scototaxis_BAO/gridded_commongarden_prescoto_charlotte_august_30_2018_na_na_doorcam_BAO.csv,92,Bao,prescoto,charlotte,63.60199999999995,346.6729999999999,20.510000000000023,169.2150000000001
FRI_Scototaxis_BAO/gridded_commongarden_prescoto_chloe_august_30_2018_na_na_wallcam_BAO.csv,59,Bao,prescoto,chloe,156.15800000000021,440.1969999999998,1.9629999999999939,1.6820000000000164
FRI_Scototaxis_BAO/gridded_commongarden_prescoto_claire_august_30_2018_na_na_wallcam_BAO.csv,120,Bao,prescoto,claire,141.00999999999993,288.50699999999995,42.798000000000016,127.68500000000006
FRI_Scototaxis_BAO/gridded_commongarden_prescoto_daisy_august_30_2018_na_na_wallcam_BAO.csv,101,Bao,prescoto,daisy,238.883,265.87600000000003,36.95700000000007,58.28399999999991
FRI_Scototaxis_BAO/gridded_commongarden_prescoto_daniela_september_06_2018_na_na_wallcam_BAO.csv,110,Bao,prescoto,daniela,147.94699999999995,311.39800000000014,33.50499999999997,107.15399999999998
FRI_Scototaxis_BAO/gridded_commongarden_prescoto_dawn_august_30_2018_na_na_doorcam_BAO.csv,113,Bao,prescoto,dawn,51.524000000000065,313.99499999999995,23.799999999999883,210.68100000000007
FRI_Scototaxis_BAO/gridded_commongarden_prescoto_delfina_september_06_2018_na_na_doorcam_BAO.csv,76,Bao,prescoto,delfina,52.44499999999993,449.91400000000004,32.761,64.88000000000001
FRI_Scototaxis_BAO/gridded_commongarden_prescoto_diana_august_30_2018_na_na_doorcam_BAO.csv,39,Bao,prescoto,diana,152.99099999999999,412.847,13.159999999999968,21.002000000000066
FRI_Scototaxis_CORNISH/gridded_commongarden_prescoto_beatrice_july_10_2018_na_na_wallcam_CORNISH.csv,48,Cornish,prescoto,beatrice,186.7250000000001,330.4389999999999,31.940000000000055,50.89599999999996
FRI_Scototaxis_CORNISH/gridded_commongarden_prescoto_becca_july_13_2018_na_na_wallcam_CORNISH.csv,56,Cornish,prescoto,becca,8.366000000000007,519.4410000000001,0,72.19299999999988
FRI_Scototaxis_CORNISH/gridded_commongarden_prescoto_bella_july_13_2018_na_na_doorcam_CORNISH.csv,6,Cornish,prescoto,bella,3.807000000000002,596.193,0,0
FRI_Scototaxis_CORNISH/gridded_commongarden_prescoto_bernadette_august_9_2018_na_na_doorcam_CORNISH.csv,35,Cornish,prescoto,bernadette,180.01199999999994,315.548,12.343000000000103,92.09700000000001
FRI_Scototaxis_CORNISH/gridded_commongarden_prescoto_bernice_august_13_2018_na_na_wallcam_CORNISH.csv,51,Cornish,prescoto,bernice,125.7539999999999,329.4040000000001,4.57,140.27199999999993
FRI_Scototaxis_CORNISH/gridded_commongarden_prescoto_blossom_july_10_2018_na_na_doorcam_CORNISH.csv,34,Cornish,prescoto,blossom,114.94499999999988,336.5680000000002,36.50000000000006,111.98699999999991
FRI_Scototaxis_CORNISH/gridded_commongarden_prescoto_carla_september_6_2018_na_na_doorcam_CORNISH.csv,51,Cornish,prescoto,carla,96.021000000000015,382.6309999999998,0,121.34800000000016
FRI_Scototaxis_CORNISH/gridded_commongarden_prescoto_catalina_spetember_6_2018_na_na_wallcam_CORNISH.csv,44,Cornish,prescoto,catalina,208.2289999999999,312.26599999999996,33.07600000000008,46.42900000000003
FRI_Scototaxis_CORNISH/gridded_commongarden_prescoto_charlotte_august_30_2018_na_na_doorcam_CORNISH.csv,66,Cornish,prescoto,charlotte,53.64300000000006,345.4639999999998,17.762999999999963,183.1300000000002
FRI_Scototaxis_CORNISH/gridded_commongarden_prescoto_chloe_august_30_2018_na_na_wallcam_CORNISH.csv,17,Cornish,prescoto,chloe,99.93299999999999,500.067,0,0
FRI_Scototaxis_CORNISH/gridded_commongarden_prescoto_claire_august_30_2018_na_na_wallcam_CORNISH.csv,79,Cornish,prescoto,claire,139.0469999999999,304.6169999999999,31.275000000000006,125.06100000000018
FRI_Scototaxis_CORNISH/gridded_commongarden_prescoto_daisy_august_30_2018_na_na_wallcam_CORNISH.csv,73,Cornish,prescoto,daisy,224.67600000000016,282.89199999999994,29.144999999999918,63.286999999999935
FRI_Scototaxis_CORNISH/gridded_commongarden_prescoto_daniela_september_6_2018_na_na_wallcam_CORNISH.csv,67,Cornish,prescoto,daniela,151.1920000000001,295.8049999999999,27.775000000000077,125.22799999999995
FRI_Scototaxis_CORNISH/gridded_commongarden_prescoto_dawn_august_30_2018_na_na_doorcam_CORNISH.csv,91,Cornish,prescoto,dawn,45.114000000000026,331.0909999999998,27.94800000000005,195.84700000000012
FRI_Scototaxis_CORNISH/gridded_commongarden_prescoto_delfina_september_6_2018_na_na_doorcam_CORNISH.csv,43,Cornish,prescoto,delfina,46.74600000000001,458.8580000000001,20.548999999999996,73.84699999999995
FRI_Scototaxis_CORNISH/gridded_commongarden_prescoto_diana_august_30_2018_na_na_doorcam_CORNISH.csv,30,Cornish,prescoto,diana,155.07499999999993,416.24700000000007,14.352000000000004,14.325999999999993
FRI_Scototaxis_CUI/gridded_commongarden_prescoto_beatrice_july_10_2018_na_na_wallcam_CUI.csv,64,Cui,prescoto,beatrice,203.67,332.16600000000017,29.405000000000058,34.75899999999979
FRI_Scototaxis_CUI/gridded_commongarden_prescoto_becca_july_13_2018_na_na_wallcam_CUI.csv,67,Cui,prescoto,becca,17.054000000000038,497.878,0.5640000000000214,84.50399999999992
FRI_Scototaxis_CUI/gridded_commongarden_prescoto_bella_july_13_2018_na_na_doorcam_CUI.csv,13,Cui,prescoto,bella,7.851000000000013,592.1489999999999,0,0
FRI_Scototaxis_CUI/gridded_commongarden_prescoto_bernadette_august_9_2018_na_na_doorcam_CUI.csv,62,Cui,prescoto,bernadette,186.16400000000013,327.03499999999997,10.081999999999965,76.71900000000001
FRI_Scototaxis_CUI/gridded_commongarden_prescoto_bernice_august_13_2018_na_na_wallcam_CUI.csv,85,Cui,prescoto,bernice,150.37200000000007,263.94799999999975,18.476999999999926,167.20300000000023
FRI_Scototaxis_CUI/gridded_commongarden_prescoto_blossom_july_10_2018_na_na_doorcam_CUI.csv,49,Cui,prescoto,blossom,132.13800000000003,314.7019999999998,49.56,103.60000000000008
FRI_Scototaxis_CUI/gridded_commongarden_prescoto_carla_september_6_2018_na_na_doorcam_CUI.csv,68,Cui,prescoto,carla,96.48799999999994,384.23299999999983,0.5610000000000355,118.71800000000019
FRI_Scototaxis_CUI/gridded_commongarden_prescoto_catalina_september_6_2018_na_na_wallcam_CUI.csv,54,Cui,prescoto,catalina,199.08699999999982,330.06900000000013,25.758000000000152,45.085999999999956
FRI_Scototaxis_CUI/gridded_commongarden_prescoto_charlotte_august_30_2018_na_na_doorcam_CUI.csv,85,Cui,prescoto,charlotte,57.707000000000015,338.547,21.715000000000014,182.03099999999995
FRI_Scototaxis_CUI/gridded_commongarden_prescoto_chloe_august_30_2018_na_na_wallcam_CUI.csv,39,Cui,prescoto,chloe,145.53500000000014,448.587,3.076999999999998,2.800999999999931
FRI_Scototaxis_CUI/gridded_commongarden_prescoto_claire_august_30_2018_na_na_wallcam_CUI.csv,102,Cui,prescoto,claire,136.51400000000007,298.3640000000001,35.49799999999988,129.62399999999997
FRI_Scototaxis_CUI/gridded_commongarden_prescoto_daisy_august_30_2018_na_na_wallcam_CUI.csv,89,Cui,prescoto,daisy,224.5200000000002,281.07599999999996,35.64000000000003,58.76399999999988
FRI_Scototaxis_CUI/gridded_commongarden_prescoto_daniela_september_6_2018_na_na_wallcam_CUI.csv,90,Cui,prescoto,daniela,131.6379999999998,315.3200000000002,44.79300000000005,108.24899999999995
FRI_Scototaxis_CUI/gridded_commongarden_prescoto_dawn_august_30_2018_na_na_doorcam_CUI.csv,96,Cui,prescoto,dawn,49.836999999999975,314.4369999999999,24.08199999999991,211.64400000000018
FRI_Scototaxis_CUI/gridded_commongarden_prescoto_delfina_september_6_2018_na_na_doorcam_CUI.csv,53,Cui,prescoto,delfina,50.359999999999914,449.9190000000001,26.877000000000013,72.844
FRI_Scototaxis_CUI/gridded_commongarden_prescoto_diana_august_30_2018_na_na_doorcam_CUI.csv,37,Cui,prescoto,diana,148.397,420.80299999999994,12.600000000000023,18.200000000000045
FRI_Scototaxis_ESTRELLADO/gridded_commongarden_prescoto_audrey_august_9_2018_na_na_wallcam_ESTRELLADO.csv,40,Estrellado,prescoto,audrey,125.42899999999999,461.0469999999999,2.0830000000000837,11.441000000000088
FRI_Scototaxis_ESTRELLADO/gridded_commongarden_prescoto_ava_july_04_na_na_doorcam_ESTRELLADO.csv,107,0,prescoto,ava,151.89100000000016,302.29499999999985,29.291000000000015,116.52299999999997
FRI_Scototaxis_ESTRELLADO/gridded_commongarden_prescoto_bailey_july_04_2018_na_na_wallcam_ESTRELLADO.csv,32,Estrellado,prescoto,bailey,156.19099999999997,438.107,4.662000000000006,1.039999999999992
FRI_Scototaxis_ESTRELLADO/gridded_commongarden_prescoto_barbara_july_10_2018_na_na_wallcam_ESTRELLADO.csv,33,Estrellado,prescoto,barbara,40.12499999999999,508.39400000000006,3.1159999999999997,48.36499999999994
FRI_Scototaxis_ESTRELLADO/gridded_commongarden_prescoto_barbie_july_04_2018_na_na_doorcam_ESTRELLADO.csv,91,Estrellado,prescoto,barbie,277.1290000000001,289.91499999999996,15.589000000000055,17.678999999999917
FRI_Scototaxis_ESTRELLADO/gridded_commongarden_prescoto_beatrice_july_10_2018_na_na_wallcam_ESTRELLADO.csv,67,Estrellado,prescoto,beatrice,212.83499999999987,299.975,36.26900000000012,60.40099999999998
FRI_Scototaxis_ESTRELLADO/gridded_commongarden_prescoto_becca_july_13_2018_na_na_wallcam_ESTRELLADO.csv,65,Estrellado,prescoto,becca,5.001999999999967,515.2909999999999,1.5550000000000068,78.15200000000009
FRI_Scototaxis_ESTRELLADO/gridded_commongarden_prescoto_bella_july_13_2018_na_na_doorcam_ESTRELLADO.csv,21,Estrellado,prescoto,bella,11.409000000000049,588.8299999999999,0,0
FRI_Scototaxis_ESTRELLADO/gridded_commongarden_prescoto_bernadette_august_9_2018_na_na_doorcam_ESTRELLADO.csv,68,Estrellado,prescoto,bernadette,175.334,340.25199999999995,9.36099999999999,75.05300000000008
FRI_Scototaxis_ESTRELLADO/gridded_commongarden_prescoto_bernice_august_13_2018_na_na_wallcam_ESTRELLADO.csv,88,Estrellado,prescoto,bernice,158.21199999999988,277.5060000000002,66.21100000000013,98.07099999999986
FRI_Scototaxis_ESTRELLADO/gridded_commongarden_prescoto_bess_august_9_2018_na_na_wallcam_ESTRELLADO.csv,56,Estrellado,prescoto,bess,257.157,335.562,3.64200000000001,3.63900000000001
FRI_Scototaxis_ESTRELLADO/gridded_commongarden_prescoto_beth_july_13_2018_na_na_wallcam_ESTRELLADO.csv,11,Estrellado,prescoto,beth,3.1330000000000027,591.66,0,5.206999999999994
FRI_Scototaxis_ESTRELLADO/gridded_commongarden_prescoto_bethany_august_13_2018_na_na_doorcam_ESTRELLADO.csv,62,Estrellado,prescoto,bethany,35.513999999999996,278.54499999999996,73.72200000000007,212.21899999999994
FRI_Scototaxis_ESTRELLADO/gridded_commongarden_prescoto_beverly_august_13_2018_na_na_wallcam_ESTRELLADO.csv,115,Estrellado,prescoto,beverly,162.80200000000002,363.3139999999997,28.649000000000086,45.235000000000184
FRI_Scototaxis_ESTRELLADO/gridded_commongarden_prescoto_beyonce_august_9_2018_na_na_doorcam_ESTRELLADO.csv,48,Estrellado,prescoto,beyonce,183.65900000000002,389.543,9.635999999999967,17.162000000000035
FRI_Scototaxis_ESTRELLADO/gridded_commongarden_prescoto_bianca_july_04_2018_na_na_wallcam_ESTRELLADO.csv,24,Estrellado,prescoto,bianca,50.14199999999993,541.49,4.682999999999993,3.685000000000059
FRI_Scototaxis_FERNANDES/gridded_commongarden_prescoto_audrey_august_9_2018_na_na_wallcam_FERNANDES.mp4.csv,41,Fernandes,prescoto,audrey,146.28800000000004,442.0759999999999,1.5600000000000591,10.075999999999965
FRI_Scototaxis_FERNANDES/gridded_commongarden_prescoto_ava_july_04_2018_na_na_doorcam_FERNANDES.mp4.csv,90,Fernandes,prescoto,ava,157.27000000000004,293.05199999999996,9.723999999999997,139.954
FRI_Scototaxis_FERNANDES/gridded_commongarden_prescoto_bailey_july_04_2018_na_na_wallcam_FERNANDES.mp4.csv,26,Fernandes,prescoto,bailey,133.31600000000003,462.324,3.5600000000000023,0.8000000000000114
FRI_Scototaxis_FERNANDES/gridded_commongarden_prescoto_barbara_july_10_2018_na_na_wallcam_FERNANDES.mp4.csv,29,Fernandes,prescoto,barbara,40.28000000000003,512.723,1.4390000000000214,45.55799999999998
FRI_Scototaxis_FERNANDES/gridded_commongarden_prescoto_barbie_july_04_2018_na_na_doorcam_FERNANDES.mp4.csv,79,Fernandes,prescoto,barbie,279.8490000000002,273.61099999999993,23.121000000000038,23.418999999999812
FRI_Scototaxis_FERNANDES/gridded_commongarden_prescoto_beatrice_july_10_2018_na_na_wallcam_FERNANDES.mp4.csv,63,Fernandes,prescoto,beatrice,207.28199999999995,305.3970000000001,42.31699999999984,45.00400000000005
FRI_Scototaxis_FERNANDES/gridded_commongarden_prescoto_becca_july_13_2018_na_na_wallcam_FERNANDES.mp4.csv,65,Fernandes,prescoto,becca,4.481000000000066,515.844,0.8369999999999891,78.838
FRI_Scototaxis_FERNANDES/gridded_commongarden_prescoto_bella_july_13_2018_na_na_doorcam_FERNANDES.mp4.csv,18,Fernandes,prescoto,bella,13.321999999999953,586.678,0,0
FRI_Scototaxis_FERNANDES/gridded_commongarden_prescoto_bernadette_august_9_2018_na_na_doorcam_FERNANDES.mp4.csv,60,Fernandes,prescoto,bernadette,188.84700000000004,324.5570000000001,9.23599999999999,78.39999999999989
FRI_Scototaxis_FERNANDES/gridded_commongarden_prescoto_bernice_august_13_2018_na_na_wallcam_FERNANDES.mp4.csv,93,Fernandes,prescoto,bernice,159.60199999999978,304.22599999999994,18.92299999999993,117.24900000000034
FRI_Scototaxis_FERNANDES/gridded_commongarden_prescoto_bess_august_9_2018_na_na_wallcam_FERNANDES.mp4.csv,46,Fernandes,prescoto,bess,233.0440000000001,360.0759999999999,3.3599999999999994,3.519999999999982
FRI_Scototaxis_FERNANDES/gridded_commongarden_prescoto_beth_july_13_2018_na_na_wallcam_FERNANDES.mp4.csv,11,Fernandes,prescoto,beth,2.240000000000002,593.598,0,4.162000000000042
FRI_Scototaxis_FERNANDES/gridded_commongarden_prescoto_bethany_august_13_2018_na_na_doorcam_FERNANDES.mp4.csv,57,Fernandes,prescoto,bethany,34.434000000000026,318.719,4.197999999999993,242.64899999999994
FRI_Scototaxis_FERNANDES/gridded_commongarden_prescoto_beverly_august_13_2018_na_na_wallcam_FERNANDES.mp4.csv,106,Fernandes,prescoto,beverly,140.43800000000005,374.8360000000002,34.17299999999981,50.553
FRI_Scototaxis_FERNANDES/gridded_commongarden_prescoto_beyonce_august_9_2018_na_na_doorcam_FERNANDES.mp4.csv,76,Fernandes,prescoto,beyonce,189.20200000000006,317.3009999999998,15.946999999999889,77.55000000000024
FRI_Scototaxis_FERNANDES/gridded_commongarden_prescoto_bianca_july_04_2018_na_na_wallcam_FERNANDES.mp4.csv,24,Fernandes,prescoto,bianca,54.43900000000015,538.8,2.0809999999999604,4.680000000000007
FRI_Scototaxis_Gadot/gridded_commongarden_postscoto_bailey_july_04_2018_na_na_doorcam_GADOT.mp4.csv,61,Gadot,postscoto,bailey,161.79600000000005,399.0009999999999,8.799000000000007,30.404000000000053
FRI_Scototaxis_Gadot/gridded_commongarden_postscoto_barbie_july_04_2018_na_na_doorcam_GADOT.mp4.csv,40,Gadot,postscoto,barbie,317.8249999999999,244.09400000000016,7.562000000000069,30.51899999999995
FRI_Scototaxis_Gadot/gridded_commongarden_postscoto_becca_july_27_2018_na_na_doorcam_GADOT.mp4.csv,72,Gadot,postscoto,becca,27.15000000000007,311.7929999999999,4.858000000000011,256.199
FRI_Scototaxis_Gadot/gridded_commongarden_postscoto_beverly_august_27_2018_na_na_doorcam_GADOT.mp4.csv,36,Gadot,postscoto,beverly,38.013999999999996,546.385,6.800999999999988,8.800000000000011
FRI_Scototaxis_Gadot/gridded_commongarden_postscoto_beyonce_august_23_2018_na_na_wallcam_GADOT.mp4.csv,73,Gadot,postscoto,beyonce,218.30799999999994,289.3050000000001,27.18399999999994,65.203
FRI_Scototaxis_Gadot/gridded_commongarden_prescoto_beatrice_july_10_2018_na_na_wallcam_GADOT.mp4.csv,73,Gadot,prescoto,beatrice,202.3099999999999,310.2870000000002,46.482999999999834,40.92000000000007
FRI_Scototaxis_Gadot/gridded_commongarden_prescoto_becca_july_13_2018_na_na_wallcam_GADOT.mp4.csv,74,Gadot,prescoto,becca,8.803999999999995,512.4459999999999,0.8450000000000273,78.42100000000009
FRI_Scototaxis_Gadot/gridded_commongarden_prescoto_bella_july_13_2018_na_na_doorcam_GADOT.mp4.csv,13,Gadot,prescoto,bella,11.297999999999973,588.702,0,0
FRI_Scototaxis_Gadot/gridded_commongarden_prescoto_bernadette_august_9_2018_na_na_doorcam_GADOT.mp4.csv,50,Gadot,prescoto,bernadette,202.42400000000026,308.1139999999999,8.952999999999832,80.50899999999996
FRI_Scototaxis_Gadot/gridded_commongarden_prescoto_bernice_august_13_2018_na_na_wallcam_GADOT.mp4.csv,84,Gadot,prescoto,bernice,171.0820000000001,284.242,21.562000000000012,123.11399999999986
FRI_Scototaxis_Gadot/gridded_commongarden_prescoto_bess_august_9_2018_na_na_wallcam_GADOT.mp4.csv,42,Gadot,prescoto,bess,229.00699999999995,364.273,3.361000000000004,3.3589999999999804
FRI_Scototaxis_Gadot/gridded_commongarden_prescoto_beth_july_13_2018_na_na_wallcam_GADOT.mp4.csv,9,Gadot,prescoto,beth,1.4010000000000034,595.239,0,3.3600000000000136
FRI_Scototaxis_Gadot/gridded_commongarden_prescoto_bethany_august_13_2018_na_na_doorcam_GADOT.mp4.csv,54,Gadot,prescoto,bethany,31.97,326.4419999999999,1.6740000000000066,239.91400000000007
FRI_Scototaxis_Gadot/gridded_commongarden_prescoto_beverly_august_13_2018_na_na_wallcam_GADOT.mp4.csv,90,Gadot,prescoto,beverly,145.07400000000007,373.568,29.08900000000007,52.26899999999989
FRI_Scototaxis_Gadot/gridded_commongarden_prescoto_beyonce_august_9_2018_na_na_doorcam_GADOT.mp4.csv,52,Gadot,prescoto,beyonce,192.12700000000007,311.5470000000002,12.881999999999977,83.44399999999982
FRI_Scototaxis_Gadot/gridded_commongarden_prescoto_bianca_july_04_2018_na_na_wallcam_GADOT.mp4.csv,17,Gadot,prescoto,bianca,56.14400000000004,537.974,3.081999999999937,2.8000000000000114
FRI_Scototaxis_GAJWANI/gridded_commongarden_prescoto_amber_july_13_2018_na_na_doorcam_GAJWANI.csv,46,Gajwani,prescoto,amber,221.7980000000001,342.159,5.884999999999934,30.15799999999996
FRI_Scototaxis_GAJWANI/gridded_commongarden_prescoto_amelia_july_13_2018_na_na_doorcam_GAJWANI.csv,9,Gajwani,prescoto,amelia,75.321,0,9.519000000000034,515.16
FRI_Scototaxis_GAJWANI/gridded_commongarden_prescoto_amy_august_9_2018_na_na_wallcam_GAJWANI.csv,52,Gajwani,prescoto,amy,84.273,358.63800000000015,2.798999999999978,154.2899999999999
FRI_Scototaxis_GAJWANI/gridded_commongarden_prescoto_andrea_july_13_2018_na_na_wallcam_GAJWANI.csv,22,Gajwani,prescoto,andrea,185.758,410.242,1.4809999999999945,2.5190000000000055
FRI_Scototaxis_GAJWANI/gridded_commongarden_prescoto_anna_july_04_2018_na_na_wallcam_GAJWANI.csv,51,Gajwani,prescoto,anna,28.55899999999997,459.21200000000005,10.676999999999992,101.55200000000002
FRI_Scototaxis_GAJWANI/gridded_commongarden_prescoto_beatrice_july_10_2018_na_na_wallcam_GAJWANI.csv,72,Gajwani,prescoto,beatrice,214.3370000000001,294.05999999999995,45.36999999999989,46.23300000000003
FRI_Scototaxis_GAJWANI/gridded_commongarden_prescoto_becca_july_13_2018_na_na_wallcam_GAJWANI.csv,69,Gajwani,prescoto,becca,6.3200000000000784,508.96700000000004,0.5610000000000355,84.15199999999977
FRI_Scototaxis_GAJWANI/gridded_commongarden_prescoto_bella_july_13_2018_na_na_doorcam_GAJWANI.csv,15,Gajwani,prescoto,bella,11.19999999999984,588.8000000000002,0,0
FRI_Scototaxis_GAJWANI/gridded_commongarden_prescoto_bernadette_august_9_2018_na_na_doorcam_GAJWANI.csv,56,Gajwani,prescoto,bernadette,198.36299999999994,314.763,7.829000000000093,79.04500000000002
FRI_Scototaxis_GAJWANI/gridded_commongarden_prescoto_bernice_august_13_2018_na_na_wallcam_GAJWANI.csv,96,Gajwani,prescoto,bernice,163.45800000000003,295.2139999999998,23.540000000000106,117.78800000000007
FRI_Scototaxis_GAJWANI/gridded_commongarden_prescoto_bess_august_9_2018_na_na_wallcam_GAJWANI.csv,46,Gajwani,prescoto,bess,254.74900000000002,339.00499999999994,3.0870000000000033,3.1590000000000487
FRI_Scototaxis_GAJWANI/gridded_commongarden_prescoto_beth_july_13_2018_na_na_wallcam_GAJWANI.csv,13,Gajwani,prescoto,beth,3.9209999999999923,591.0409999999999,0,5.038000000000068
FRI_Scototaxis_GAJWANI/gridded_commongarden_prescoto_bethany_august_13_2018_na_na_doorcam_GAJWANI.csv,60,Gajwani,prescoto,bethany,33.598,317.43,14.36999999999999,234.60199999999998
FRI_Scototaxis_GAJWANI/gridded_commongarden_prescoto_beverly_august_13_2018_na_na_wallcam_GAJWANI.csv,115,Gajwani,prescoto,beverly,139.6009999999998,373.71200000000033,34.04799999999996,52.638999999999896
FRI_Scototaxis_GAJWANI/gridded_commongarden_prescoto_beyonce_august_9_2018_na_na_doorcam_GAJWANI.csv,88,Gajwani,prescoto,beyonce,198.24199999999993,306.8340000000002,15.359000000000009,79.56499999999991
FRI_Scototaxis_GAJWANI/gridded_commongarden_prescoto_bianca_july_04_2018_na_na_wallcam_GAJWANI.csv,30,Gajwani,prescoto,bianca,74.76100000000008,518.233,4.203999999999951,2.802000000000021
FRI_Scototaxis_GONZALEZ/gridded_commongarden_postscoto_dawn_september_13_2018_na_na_wallcam_GONZALEZ.csv,142,Gonzalez,postscoto,dawn,140.59700000000015,324.1699999999998,36.83400000000012,98.39899999999997
FRI_Scototaxis_GONZALEZ/gridded_commongarden_postscoto_delfina_september_20_2018_na_na_doorcam_GONZALEZ.csv,125,Gonzalez,postscoto,delfina,71.793,381.41000000000014,26.191999999999897,120.60499999999996
FRI_Scototaxis_GONZALEZ/gridded_commongarden_postscoto_diana_september_13_2018_na_na_doorcam_GONZALEZ.csv,61,Gonzalez,postscoto,diana,142.909,373.7990000000001,2.204999999999959,81.08699999999995
FRI_Scototaxis_GONZALEZ/gridded_commongarden_prescoto_abigail_july_04_2018_na_na_doorcam_GONZALEZ.csv,74,Gonzalez,prescoto,abigail,125.40899999999993,320.539,5.600999999999985,148.45100000000008
FRI_Scototaxis_GONZALEZ/gridded_commongarden_prescoto_adele_august_13_2018_na_na_doorcam_GONZALEZ.csv,15,Gonzalez,prescoto,adele,232.07800000000003,367.92199999999997,0,0
FRI_Scototaxis_GONZALEZ/gridded_commongarden_prescoto_amber_july_13_2018_na_na_doorcam_GONZALEZ.csv,76,Gonzalez,prescoto,amber,95.40499999999993,467.115,6.998000000000019,30.482000000000028
FRI_Scototaxis_GONZALEZ/gridded_commongarden_prescoto_amelia_july_13_2018_na_na_doorcam_GONZALEZ.csv,13,Gonzalez,prescoto,amelia,79.16,4.76400000000001,9.514000000000038,506.5619999999999
FRI_Scototaxis_GONZALEZ/gridded_commongarden_prescoto_amy_august_9_2018_na_na_wallcam_GONZALEZ.csv,55,Gonzalez,prescoto,amy,49.714000000000006,365.2350000000001,14.843000000000075,170.20799999999986
FRI_Scototaxis_GONZALEZ/gridded_commongarden_prescoto_andrea_july_13_2018_na_na_wallcam_GONZALEZ.csv,28,Gonzalez,prescoto,andrea,179.14299999999992,415.9360000000001,2.4010000000000105,2.519999999999982
FRI_Scototaxis_GONZALEZ/gridded_commongarden_prescoto_anna_july_04_2018_na_na_wallcam_GONZALEZ.csv,67,Gonzalez,prescoto,anna,29.002000000000017,457.70999999999975,10.128000000000014,103.1600000000002
FRI_Scototaxis_GONZALEZ/gridded_commongarden_prescoto_ariana_august_13_2018_na_na_wallcam_GONZALEZ.csv,225,Gonzalez,prescoto,ariana,156.25699999999998,332.38300000000004,35.113,76.24699999999999
FRI_Scototaxis_GONZALEZ/gridded_commongarden_prescoto_audrey_august_9_2018_na_na_wallcam_GONZALEZ.csv,91,Gonzalez,prescoto,audrey,144.75799999999984,443.41000000000025,1.9569999999999936,9.875
FRI_Scototaxis_HAWKINS/gridded_commongarden_postscoto_dawn_september_13_2018_na_na_wallcam_HAWKINS.csv,119,Hawkins,postscoto,dawn,148.98399999999987,312.19900000000007,55.602999999999994,83.21400000000007
FRI_Scototaxis_HAWKINS/gridded_commongarden_postscoto_delfina_september_20_2018_na_na_doorcam_HAWKINS.csv,84,Hawkins,postscoto,delfina,72.27399999999993,374.4329999999999,23.854999999999993,129.4380000000002
FRI_Scototaxis_HAWKINS/gridded_commongarden_postscoto_diana_september_13_2018_na_na_doorcam_HAWKINS.csv,37,Hawkins,postscoto,diana,127.62300000000005,383.378,0,88.99899999999995
FRI_Scototaxis_HAWKINS/gridded_commongarden_prescoto_abigail_july_04_2018_na_na_doorcam_HAWKINS.csv,38,Hawkins,prescoto,abigail,76.36699999999996,354.3660000000001,4.048999999999978,165.2179999999999
FRI_Scototaxis_HAWKINS/gridded_commongarden_prescoto_adele_august_13_2018_na_na_doorcam_HAWKINS.csv,13,Hawkins,prescoto,adele,235.33199999999994,364.66800000000006,0,0
FRI_Scototaxis_HAWKINS/gridded_commongarden_prescoto_amber_july_13_2018_na_na_doorcam_HAWKINS.csv,33,Hawkins,prescoto,amber,72.6169999999998,487.5340000000002,6.834999999999923,33.01400000000007
FRI_Scototaxis_HAWKINS/gridded_commongarden_prescoto_amelia_july_13_2018_na_na_doorcam_HAWKINS.csv,5,Hawkins,prescoto,amelia,78.005,0,10.201999999999998,511.79299999999995
FRI_Scototaxis_HAWKINS/gridded_commongarden_prescoto_amy_august_9_2018_na_na_wallcam_HAWKINS.csv,34,Hawkins,prescoto,amy,47.018999999999984,354.54699999999997,14.600999999999999,183.83300000000003
FRI_Scototaxis_HAWKINS/gridded_commongarden_prescoto_andrea_july_13_2018_na_na_wallcam_HAWKINS.csv,14,Hawkins,prescoto,andrea,194.23199999999997,401.92800000000005,2.569999999999993,1.2699999999999818
FRI_Scototaxis_HAWKINS/gridded_commongarden_prescoto_anna_july_04_2018_na_na_wallcam_HAWKINS.csv,36,Hawkins,prescoto,anna,28.60500000000006,465.14899999999994,6.398999999999944,99.84700000000007
FRI_Scototaxis_HAWKINS/gridded_commongarden_prescoto_ariana_august_13_2018_na_na_wallcam_HAWKINS.csv,65,Hawkins,prescoto,ariana,163.76199999999994,315.8739999999999,42.23400000000004,78.13000000000011
FRI_Scototaxis_HAWKINS/gridded_commongarden_prescoto_audrey_august_9_2018_na_na_wallcam_HAWKINS.csv,29,Hawkins,prescoto,audrey,83.00200000000011,498.8799999999998,0,18.118000000000052
FRI_Scototaxis_HAWKINS/gridded_commongarden_prescoto_ava_july_04_2018_na_na_doorcam_HAWKINS.csv,57,Hawkins,prescoto,ava,134.20800000000006,313.5470000000001,9.713000000000001,142.53199999999984
FRI_Scototaxis_HAWKINS/gridded_commongarden_prescoto_bailey_july_04_2018_na_na_wallcam_HAWKINS.csv,23,Hawkins,prescoto,bailey,93.27399999999989,496.4860000000001,9.205999999999989,1.0339999999999918
FRI_Scototaxis_HAWKINS/gridded_commongarden_prescoto_barbara_july_10_2018_na_na_wallcam_HAWKINS.csv,17,Hawkins,prescoto,barbara,36.39800000000003,511.851,3.8389999999999986,47.911999999999935
FRI_Scototaxis_HAWKINS/gridded_commongarden_prescoto_barbie_july_04_2018_na_na_doorcam_HAWKINS.csv,45,Hawkins,prescoto,barbie,257.2440000000001,289.991,30.87599999999992,21.88900000000001
FRI_Scototaxis_IHIM/gridded_commongarden_postscoto_amber_july_13_2018_na_na_doorcam_IHIM.csv,36,Ihim,postscoto,amber,79.65999999999997,488.46000000000004,5.595999999999947,26.28400000000005
FRI_Scototaxis_IHIM/gridded_commongarden_postscoto_amy_august_9_2018_na_na_wallcam_IHIM.csv,46,Ihim,postscoto,amy,41.99799999999999,367.6039999999999,13.99799999999999,176.40000000000012
FRI_Scototaxis_IHIM/gridded_commongarden_postscoto_audrey_august_9_2018_na_na_wellcam_IHIM.csv,37,Ihim,postscoto,audrey,125.59000000000003,465.2119999999999,1.197999999999979,8.000000000000057
FRI_Scototaxis_IHIM/gridded_commongarden_postscoto_dawn_september_13_2018_na_na_wallcam_IHIM.csv,130,Ihim,postscoto,dawn,143.91600000000014,331.564,35.32099999999979,89.19900000000011
FRI_Scototaxis_IHIM/gridded_commongarden_postscoto_delfina_september_20_2018_na_na_doorcam_IHIM.csv,109,Ihim,postscoto,delfina,75.208,377.2130000000001,22.375999999999834,125.20300000000009
FRI_Scototaxis_IHIM/gridded_commongarden_postscoto_diana_september_13_2018_na_na_doorcam_IHIM.csv,46,Ihim,postscoto,diana,149.44799999999998,370.53599999999994,0.8000000000000114,79.21600000000008
FRI_Scototaxis_IHIM/gridded_commongarden_postscoto_prescoto_july_04_2018_na_na_doorcam_IHIM.csv,60,Ihim,postscoto,prescoto,102.42,335.99800000000005,9.201000000000022,152.38099999999997
FRI_Scototaxis_IHIM/gridded_commongarden_prescoto_adele_august_13_2018_na_na_doorcam_IHIM.csv,17,Ihim,prescoto,adele,234.7969999999999,365.2030000000001,0,0
FRI_Scototaxis_IHIM/gridded_commongarden_prescoto_amelia_july_13_2018_na_na_doorcam_IHIM.csv,8,Ihim,prescoto,amelia,75.195,0,18.40400000000001,506.401
FRI_Scototaxis_IHIM/gridded_commongarden_prescoto_andrea_july_13_2018_na_na_wallcam_IHIM.csv,24,Ihim,prescoto,andrea,180.38900000000015,416.4149999999999,1.2029999999999745,1.992999999999995
FRI_Scototaxis_IHIM/gridded_commongarden_prescoto_anna_july_04_2018_na_na_wallcam_IHIM.csv,48,Ihim,prescoto,anna,23.479000000000042,458.9279999999999,11.958999999999975,105.63400000000007
FRI_Scototaxis_IHIM/gridded_commongarden_prescoto_ariana_august_13_2018_na_na_wallcam_IHIM.csv,71,Ihim,prescoto,ariana,168.65300000000008,319.47799999999995,35.204999999999984,76.66399999999999
FRI_Scototaxis_IHIM/gridded_commongarden_prescoto_ava_july_04_2018_na_na_doorcam_IHIM.csv,76,Ihim,prescoto,ava,160.0010000000002,301.9859999999999,3.605999999999952,134.40699999999995
FRI_Scototaxis_IHIM/gridded_commongarden_prescoto_bailey_july_04_2018_na_na_wallcam_IHIM.csv,21,Ihim,prescoto,bailey,102.00100000000006,493.996,2.802999999999969,1.200000000000017
FRI_Scototaxis_IHIM/gridded_commongarden_prescoto_barbara_july_10_2018_na_na_wallcam_IHIM.csv,27,Ihim,prescoto,barbara,60.19299999999998,464.97,21.63900000000001,53.197999999999965
FRI_Scototaxis_IHIM/gridded_commongarden_prescoto_barbie_july_04_2018_na_na_doorcam_IHIM.csv,62,Ihim,prescoto,barbie,265.57800000000015,278.42299999999983,27.997000000000014,28.002000000000066
FRI_Scototaxis_IKEHARA/gridded_commongarden_postscoto_dawn_september_13_2018_na_na_wallcam_IKEHARA.csv,138,Ikehara,postscoto,dawn,147.576,314.6970000000002,41.169999999999966,96.55699999999995
FRI_Scototaxis_IKEHARA/gridded_commongarden_postscoto_delfina_september_20_2018_na_na_doorcam_IKEHARA.csv,122,Ikehara,postscoto,delfina,80.47600000000001,370.26400000000007,24.133000000000077,125.1269999999999
FRI_Scototaxis_IKEHARA/gridded_commongarden_postscoto_diana_september_13_2018_na_na_doorcam_IKEHARA.csv,62,Ikehara,postscoto,diana,139.7010000000002,374.7529999999998,2.146000000000072,83.39999999999995
FRI_Scototaxis_IKEHARA/gridded_commongarden_prescoto_abigail_july_04_2018_na_na_doorcam_IKEHARA.csv,88,Ikehara,prescoto,abigail,106.3209999999999,343.8450000000001,9.803000000000068,140.031
FRI_Scototaxis_IKEHARA/gridded_commongarden_prescoto_adele_august_13_2018_na_na_doorcam_IKEHARA.csv,19,Ikehara,prescoto,adele,223.24,376.75999999999993,0,0
FRI_Scototaxis_IKEHARA/gridded_commongarden_prescoto_amber_july_13_2018_na_na_doorcam_IKEHARA.csv,71,Ikehara,prescoto,amber,89.20900000000002,471.1940000000001,6.636999999999958,32.959999999999965
FRI_Scototaxis_IKEHARA/gridded_commongarden_prescoto_amelia_july_13_2018_na_na_doorcam_IKEHARA.csv,11,Ikehara,prescoto,amelia,76.67899999999999,0,9.806000000000012,513.5150000000001
FRI_Scototaxis_IKEHARA/gridded_commongarden_prescoto_amy_august_9_2018_na_na_wallcam_IKEHARA.csv,61,Ikehara,prescoto,amy,50.43999999999999,356.655,15.119000000000085,177.78599999999994
FRI_Scototaxis_IKEHARA/gridded_commongarden_prescoto_andrea_july_13_2018_na_na_wallcam_IKEHARA.csv,32,Ikehara,prescoto,andrea,187.59900000000013,407.6389999999999,1.9599999999999795,2.802000000000021
FRI_Scototaxis_IKEHARA/gridded_commongarden_prescoto_anna_july_04_2018_na_na_wallcam_IKEHARA.csv,60,Ikehara,prescoto,anna,27.431999999999853,460.14499999999987,10.36699999999999,102.0560000000003
FRI_Scototaxis_IKEHARA/gridded_commongarden_prescoto_ariana_august_13_2018_na_na_wallcam_IKEHARA.csv,134,Ikehara,prescoto,ariana,181.26800000000003,307.06099999999986,39.146999999999935,72.52400000000021
FRI_Scototaxis_IKEHARA/gridded_commongarden_prescoto_audrey_august_9_2018_na_na_wallcam_IKEHARA.csv,48,Ikehara,prescoto,audrey,148.42300000000003,439.221,1.59800000000007,10.757999999999868
FRI_Scototaxis_IKEHARA/gridded_commongarden_prescoto_ava_july_04_2018_na_na_doorcam_IKEHARA.csv,132,Ikehara,prescoto,ava,155.0120000000001,291.6239999999998,10.965999999999994,142.39800000000014
FRI_Scototaxis_IKEHARA/gridded_commongarden_prescoto_bailey_july_04_2018_na_na_wallcam_IKEHARA.csv,32,Ikehara,prescoto,bailey,136.53199999999998,459.243,3.1850000000000023,1.039999999999992
FRI_Scototaxis_IKEHARA/gridded_commongarden_prescoto_barbara_july_10_2018_na_na_wallcam_IKEHARA.csv,32,Ikehara,prescoto,barbara,41.074000000000005,511.591,2.5999999999999943,44.73499999999997
FRI_Scototaxis_IKEHARA/gridded_commongarden_prescoto_barbie_july_04_2018_na_na_doorcam_IKEHARA.csv,97,Ikehara,prescoto,barbie,264.1679999999998,279.0840000000002,32.291000000000224,24.45699999999988
FRI_Scototaxis_IYENGAR/gridded_commongarden_postscoto_dawn_september_13_2018_na_na_wallcam_IYENGAR.csv,132,Iyengar,postscoto,dawn,139.67199999999997,320.20199999999994,46.49199999999999,93.6340000000001
FRI_Scototaxis_IYENGAR/gridded_commongarden_postscoto_delfina_september_20_2018_na_na_doorcam_IYENGAR.csv,98,Iyengar,postscoto,delfina,74.71200000000013,375.5879999999999,26.352999999999987,123.34699999999995
FRI_Scototaxis_IYENGAR/gridded_commongarden_postscoto_diana_september_13_2018_na_na_doorcam_IYENGAR.csv,50,Iyengar,postscoto,diana,128.0370000000001,389.23299999999983,2.0389999999999873,80.6910000000001
FRI_Scototaxis_IYENGAR/gridded_commongarden_prescoto_abigail_july_04_2018_na_na_doorcam_IYENGAR.csv,61,Iyengar,prescoto,abigail,101.56400000000002,346.70700000000005,5.604999999999961,146.124
FRI_Scototaxis_IYENGAR/gridded_commongarden_prescoto_adele_august_13_2018_na_na_doorcam_IYENGAR.csv,15,Iyengar,prescoto,adele,238.01500000000007,361.9849999999999,0,0
FRI_Scototaxis_IYENGAR/gridded_commongarden_prescoto_amber_july_13_2018_na_na_doorcam_IYENGAR.csv,55,Iyengar,prescoto,amber,87.03699999999998,475.1649999999999,8.917999999999964,28.880000000000123
FRI_Scototaxis_IYENGAR/gridded_commongarden_prescoto_amelia_july_13_2018_na_na_doorcam_IYENGAR.csv,9,Iyengar,prescoto,amelia,75.75699999999998,0,11.210000000000008,513.033
FRI_Scototaxis_IYENGAR/gridded_commongarden_prescoto_amy_august_9_2018_na_na_wallcam_IYENGAR.csv,42,Iyengar,prescoto,amy,42.00600000000001,365.0229999999999,13.119000000000028,179.85200000000003
FRI_Scototaxis_IYENGAR/gridded_commongarden_prescoto_andrea_july_13_2018_na_na_wallcam_IYENGAR.csv,26,Iyengar,prescoto,andrea,177.68399999999986,418.71400000000017,1.3589999999999804,2.242999999999995
FRI_Scototaxis_IYENGAR/gridded_commongarden_prescoto_anna_july_04_2018_na_na_wallcam_IYENGAR.csv,44,Iyengar,prescoto,anna,29.28799999999997,467.5229999999999,6.8700000000000045,96.31900000000007
FRI_Scototaxis_IYENGAR/gridded_commongarden_prescoto_ariana_august_13_2018_na_na_wallcam_IYENGAR.csv,97,Iyengar,prescoto,ariana,172.8569999999999,317.98100000000034,36.663999999999845,72.49799999999993
FRI_Scototaxis_IYENGAR/gridded_commongarden_prescoto_audrey_august_9_2018_na_na_wallcam_IYENGAR.csv,40,Iyengar,prescoto,audrey,131.82399999999987,454.817,2.2390000000001464,11.119999999999948
FRI_Scototaxis_IYENGAR/gridded_commongarden_prescoto_ava_july_04_2018_na_na_doorcam_IYENGAR.csv,90,Iyengar,prescoto,ava,148.92299999999997,304.95799999999997,4.278999999999996,141.8400000000001
FRI_Scototaxis_IYENGAR/gridded_commongarden_prescoto_bailey_july_04_2018_na_na_wallcam_IYENGAR.csv,28,Iyengar,prescoto,bailey,121.49799999999993,474.1060000000001,3.6030000000000086,0.7930000000000064
FRI_Scototaxis_IYENGAR/gridded_commongarden_prescoto_barbara_july_10_2018_na_na_wallcam_IYENGAR.csv,33,Iyengar,prescoto,barbara,43.99300000000002,509.19,2.3999999999999773,44.417000000000016
FRI_Scototaxis_IYENGAR/gridded_commongarden_prescoto_barbie_july_04_2018_na_na_doorcam_IYENGAR.csv,74,Iyengar,prescoto,barbie,261.46400000000017,281.411,31.52499999999992,25.59999999999991
FRI_Scototaxis_JEW/gridded_commongarden_postscoto_beverly_august_27_2018_na_na_doorcam_JEW.csv,38,Jew,postscoto,beverly,42.40100000000002,542,4.002999999999986,11.596000000000004
FRI_Scototaxis_JEW/gridded_commongarden_postscoto_beyonce_august_23_2018_na_na_wallcam_JEW.csv,75,Jew,postscoto,beyonce,219.44400000000002,286.9139999999998,23.442000000000093,70.20000000000002
FRI_Scototaxis_JEW/gridded_commongarden_postscoto_bianca_july_04_2018_na_na_wallcam_JEW.csv,97,Jew,postscoto,bianca,260.51800000000003,203.36399999999998,34.800000000000125,101.31799999999987
FRI_Scototaxis_JEW/gridded_commongarden_postscoto_blossom_july_24_2018_na_na_wallcam_JEW.csv,68,Jew,postscoto,blossom,168.75800000000012,284.5579999999999,9.40000000000003,137.28399999999993
FRI_Scototaxis_JEW/gridded_commongarden_postscoto_carla_september_20_2018_na_na_wallcam_JEW.csv,44,Jew,postscoto,carla,114.43199999999995,435.60299999999995,6.7599999999999625,43.205000000000155
FRI_Scototaxis_JEW/gridded_commongarden_postscoto_dawn_september_13_2018_na_na_wallcam_JEW.csv,126,Jew,postscoto,dawn,138.9939999999999,322.6840000000002,38.49000000000008,99.83199999999991
FRI_Scototaxis_JEW/gridded_commongarden_postscoto_delfina_september_20_2018_na_na_doorcam_JEW.csv,98,Jew,postscoto,delfina,67.47400000000006,393.56399999999974,18.724000000000107,120.23800000000008
FRI_Scototaxis_JEW/gridded_commongarden_postscoto_diana_september_13_2018_na_na_doorcam_JEW.csv,53,Jew,postscoto,diana,130.04000000000008,386.8359999999998,1.5200000000000387,81.60400000000004
FRI_Scototaxis_JEW/gridded_commongarden_prescoto_abigail_july_04_2018_na_na_doorcam_JEW.csv,65,Jew,prescoto,abigail,107.12599999999993,336.5940000000001,7.319999999999936,148.95999999999998
FRI_Scototaxis_JEW/gridded_commongarden_prescoto_adele_august_13_2018_na_na_doorcam_JEW.csv,19,Jew,prescoto,adele,226.72199999999987,373.2780000000001,0,0
FRI_Scototaxis_JEW/gridded_commongarden_prescoto_adele_august_27_2018_na_na_doorcam_JEW.csv,34,Jew,prescoto,adele,135.106,447.21399999999994,2.0800000000000693,15.600000000000023
FRI_Scototaxis_JEW/gridded_commongarden_prescoto_alexandra_july_10_2018_na_na_wallcam_JEW.csv,62,Jew,prescoto,alexandra,104.60600000000002,373.156,13.001999999999896,109.2360000000001
FRI_Scototaxis_JEW/gridded_commongarden_prescoto_alice_august_13_2018_na_na_doorcam_JEW.csv,34,Jew,prescoto,alice,147.43200000000007,203.69399999999996,4.558999999999969,244.31500000000005
FRI_Scototaxis_JEW/gridded_commongarden_prescoto_allison_august_9_2018_na_na_doorcam_JEW.csv,67,Jew,prescoto,allison,128.0500000000003,331.39299999999974,31.15499999999983,109.4020000000001
FRI_Scototaxis_JEW/gridded_commongarden_prescoto_alyssa_july_10_2018_na_na_doorcam_JEW.csv,75,Jew,prescoto,alyssa,145.99500000000006,255.6009999999999,12.15900000000002,186.24499999999998
FRI_Scototaxis_JEW/gridded_commongarden_prescoto_amanda_july_10_2018_na_na_doorcam_JEW.csv,87,Jew,prescoto,amanda,135.27699999999993,237.41099999999992,46.35899999999991,180.95300000000023
FRI_Scototaxis_KAlARIA/gridded_commongarden_diana_september_13_2018_na_na_doorcam_KALARIA.csv,55,0,diana,september,138.59699999999998,377.6769999999999,1.4049999999999585,82.32100000000011
FRI_Scototaxis_KAlARIA/gridded_commongarden_postscoto_beverly_august_27_2018_na_na_doorcam_KALARIA.csv,38,Kalaria,postscoto,beverly,45.36399999999998,538.668,5.883000000000038,10.08499999999998
FRI_Scototaxis_KAlARIA/gridded_commongarden_postscoto_beyonce_august_23_2018_na_na_wallcam_KALARIA.csv,67,Kalaria,postscoto,beyonce,226.06599999999992,275.65099999999995,28.570000000000107,69.71300000000002
FRI_Scototaxis_KAlARIA/gridded_commongarden_postscoto_bianca_july_04_2018_na_na_wallcam_KALARIA.csv,73,Kalaria,postscoto,bianca,263.23300000000006,199.647,26.306999999999988,110.81299999999987
FRI_Scototaxis_KAlARIA/gridded_commongarden_postscoto_blossom_july_24_2018_na_na_wallcam_KALARIA.csv,61,Kalaria,postscoto,blossom,173.88599999999977,270.7150000000003,22.684999999999995,132.71399999999994
FRI_Scototaxis_KAlARIA/gridded_commongarden_postscoto_carla_september_20_2018_na_na_wallcam_KALARIA.csv,50,Kalaria,postscoto,carla,132.14900000000006,412.701,7.83299999999997,47.31700000000001
FRI_Scototaxis_KAlARIA/gridded_commongarden_postscoto_dawn_september_13_2018_na_na_wallcam_KALARIA.csv,118,Kalaria,postscoto,dawn,147.27999999999992,317.7139999999999,40.898000000000195,94.10799999999995
FRI_Scototaxis_KAlARIA/gridded_commongarden_postscoto_delfina_september_20_2018_na_na_doorcam_KALARIA.csv,98,Kalaria,postscoto,delfina,78.12699999999987,367.98200000000026,29.394000000000084,124.49699999999983
FRI_Scototaxis_KAlARIA/gridded_commongarden_prescoto_abigail_july_04_2018_na_na_doorcam_KALARIA.csv,62,Kalaria,prescoto,abigail,113.92099999999971,332.89599999999996,5.599000000000018,147.5840000000003
FRI_Scototaxis_KAlARIA/gridded_commongarden_prescoto_adele_august_13_2018_na_na_doorcam_KALARIA.csv,15,Kalaria,prescoto,adele,249.96499999999995,350.035,0,0
FRI_Scototaxis_KAlARIA/gridded_commongarden_prescoto_adele_august_27_2018_na_na_doorcam_KALARIA.csv,38,Kalaria,prescoto,adele,125.28699999999981,453.1440000000002,5.598000000000077,15.971000000000004
FRI_Scototaxis_KAlARIA/gridded_commongarden_prescoto_alexandra_july_10_2018_na_na_wallcam_KALARIA.csv,47,Kalaria,prescoto,alexandra,106.95299999999997,365.92700000000013,12.882999999999981,114.23699999999994
FRI_Scototaxis_KAlARIA/gridded_commongarden_prescoto_alice_august_13_2018_na_na_doorcam_KALARIA.csv,34,Kalaria,prescoto,alice,183.68499999999995,174.44000000000005,5.038999999999987,236.836
FRI_Scototaxis_KAlARIA/gridded_commongarden_prescoto_allison_august_9_2018_na_na_doorcam_KALARIA.csv,59,Kalaria,prescoto,allison,153.13600000000002,300.42200000000014,27.71399999999993,118.7279999999999
FRI_Scototaxis_KAlARIA/gridded_commongarden_prescoto_alyssa_july_10_2018_na_na_doorcam_KALARIA.csv,76,Kalaria,prescoto,alyssa,159.27900000000005,233.76499999999993,21.365999999999985,185.59
FRI_Scototaxis_KAlARIA/gridded_commongarden_prescoto_amanda_july_10_2018_na_na_doorcam_KALARIA.csv,83,Kalaria,prescoto,amanda,142.70899999999995,254.8529999999999,44.255000000000074,158.18300000000008
FRI_Scototaxis_KUE/gridded_commongarden_postscoto_beverly_august_27_2018_na_na_doorcam_KUE.csv,38,Kue,postscoto,beverly,43.554000000000016,541.365,6.243999999999971,8.836999999999989
FRI_Scototaxis_KUE/gridded_commongarden_postscoto_beyonce_august_23_2018_na_na_wallcam_KUE.csv,72,Kue,postscoto,beyonce,220.72399999999996,283.1969999999999,27.074000000000098,69.00500000000008
FRI_Scototaxis_KUE/gridded_commongarden_postscoto_bianca_july_04_2018_na_na_wallcam_KUE.csv,87,Kue,postscoto,bianca,241.9559999999999,215.453,29.588000000000136,113.00300000000001
FRI_Scototaxis_KUE/gridded_commongarden_postscoto_blossom_july_24_2018_na_na_wallcam_KUE.csv,62,Kue,postscoto,blossom,173.0449999999999,280.929,6.755000000000024,139.27100000000013
FRI_Scototaxis_KUE/gridded_commongarden_postscoto_carla_september_20_2018_na_na_wallcam_KUE.csv,53,Kue,postscoto,carla,119.15900000000005,427.1579999999999,9.370000000000033,44.31299999999999
FRI_Scototaxis_KUE/gridded_commongarden_postscoto_dawn_september_13_2018_na_na_wallcam_KUE.csv,128,Kue,postscoto,dawn,139.9130000000002,320.794,38.58099999999979,100.71199999999997
FRI_Scototaxis_KUE/gridded_commongarden_postscoto_delfina_september_20_2018_na_na_doorcam_KUE.csv,103,Kue,postscoto,delfina,71.47800000000012,385.659,23.896000000000054,118.96699999999983
FRI_Scototaxis_KUE/gridded_commongarden_postscoto_diana_september_13_2018_na_na_doorcam_KUE.csv,61,Kue,postscoto,diana,129.67900000000003,384.23,3.129000000000019,82.96199999999989
FRI_Scototaxis_KUE/gridded_commongarden_prescoto_abigail_july_04_2018_na_na_doorcam_KUE.csv,72,Kue,prescoto,abigail,92.06899999999993,357.619,4.677000000000021,145.63500000000005
FRI_Scototaxis_KUE/gridded_commongarden_prescoto_adele_august_13_2018_na_na_doorcam_KUE.csv,19,Kue,prescoto,adele,226.32100000000008,373.6789999999999,0,0
FRI_Scototaxis_KUE/gridded_commongarden_prescoto_adele_august_27_2018_na_na_doorcam_KUE.csv,42,Kue,prescoto,adele,136.656,443.45899999999995,3.9640000000000413,15.920999999999978
FRI_Scototaxis_KUE/gridded_commongarden_prescoto_alexandra_july_10_2018_na_na_wallcam_KUE.csv,63,Kue,prescoto,alexandra,107.69199999999992,370.3260000000001,14.008999999999972,107.97300000000006
FRI_Scototaxis_KUE/gridded_commongarden_prescoto_alice_august_13_2018_na_na_doorcam_KUE.csv,34,Kue,prescoto,alice,183.59400000000005,173.2469999999999,5.208000000000084,237.95099999999996
FRI_Scototaxis_KUE/gridded_commongarden_prescoto_allison_august_9_2018_na_na_doorcam_KUE.csv,77,Kue,prescoto,allison,161.17400000000004,296.35199999999986,25.99299999999991,116.48100000000022
FRI_Scototaxis_KUE/gridded_commongarden_prescoto_alyssa_july_10_2018_na_na_doorcam_KUE.csv,83,Kue,prescoto,alyssa,150.2500000000001,245.53400000000008,22.520999999999844,181.69499999999994
FRI_Scototaxis_KUE/gridded_commongarden_prescoto_amanda_july_10_2018_na_na_doorcam_KUE.csv,102,Kue,prescoto,amanda,156.55700000000002,240.56799999999993,49.41700000000007,153.45800000000003
FRI_Scototaxis_LACY/gridded_commongarden_postscoto_beverly_august_27_2018_na_na_doorcam_LACY.csv,36,Lacy,postscoto,beverly,43.951999999999984,539.852,12.33099999999996,3.865000000000066
FRI_Scototaxis_LACY/gridded_commongarden_postscoto_beyonce_august_23_2018_na_na_wallcam_LACY.csv,73,Lacy,postscoto,beyonce,211.49799999999988,288.4210000000001,32.27000000000004,67.81099999999992
FRI_Scototaxis_LACY/gridded_commongarden_postscoto_bianca_jult_04_2018_na_na_wallcam_LACY.csv,86,Lacy,postscoto,bianca,255.428,203.40499999999994,31.812000000000097,109.35499999999996
FRI_Scototaxis_LACY/gridded_commongarden_postscoto_blossom_july_24_2018_na_na_wallcam_LACY.csv,61,Lacy,postscoto,blossom,174.215,274.56300000000005,7.275999999999982,143.94599999999997
FRI_Scototaxis_LACY/gridded_commongarden_postscoto_carla_september_20_2018_na_na_wallcam_LACY.csv,50,Lacy,postscoto,carla,123.68299999999996,419.54900000000004,9.369,47.398999999999944
FRI_Scototaxis_LACY/gridded_commongarden_postscoto_dawn_september_13_2018_na_na_wallcam_LACY.csv,124,Lacy,postscoto,dawn,143.64700000000013,318.4319999999999,40.79600000000002,97.12499999999997
FRI_Scototaxis_LACY/gridded_commongarden_postscoto_delfina_september_20_2018_na_na_doorcam_LACY.csv,88,Lacy,postscoto,delfina,63.88200000000008,373.88599999999985,35.624000000000116,126.60799999999992
FRI_Scototaxis_LACY/gridded_commongarden_postscoto_diana_september_13_2018_na_na_doorcam_LACY.csv,45,Lacy,postscoto,diana,147.488,360.595,1.5269999999999868,90.38999999999996
FRI_Scototaxis_LACY/gridded_commongarden_prescoto_abigail_july_04_2018_na_na_doorcam_LACYcsv.csv,56,Lacycsv,prescoto,abigail,95.06899999999987,343.3400000000002,5.324999999999932,156.26600000000002
FRI_Scototaxis_LACY/gridded_commongarden_prescoto_adele_august_13_2018_na_na_doorcam_LACY.csv,15,Lacy,prescoto,adele,238.56600000000003,361.43399999999997,0,0
FRI_Scototaxis_LACY/gridded_commongarden_prescoto_adele_august_27_2018_na_na_doorcam_LACY.csv,33,Lacy,prescoto,adele,129.3450000000002,449.36499999999984,4.556999999999917,16.733000000000033
FRI_Scototaxis_LACY/gridded_commongarden_prescoto_alexandra_july_20_2018_na_na_wallcam_LACY.csv,56,Lacy,prescoto,alexandra,112.87800000000001,361.5719999999999,14.440999999999946,111.10900000000012
FRI_Scototaxis_LACY/gridded_commongarden_prescoto_alice_august_13_2018_na_na_doorcam_LACYcsv.csv,32,Lacycsv,prescoto,alice,151.07100000000003,208.53500000000003,5.360000000000014,235.03399999999996
FRI_Scototaxis_LACY/gridded_commongarden_prescoto_allison_august_9_2018_na_na_doorcam_LACY.csv,57,Lacy,prescoto,allison,153.5219999999999,302.7459999999999,27.632000000000033,116.10000000000016
FRI_Scototaxis_LACY/gridded_commongarden_prescoto_amanda_july_10_2018_na_na_doorcam_LACY.csv,78,Lacy,prescoto,amanda,140.218,199.63200000000018,38.04599999999989,222.10399999999996
FRI_Scototaxis_LACY/gridded_commongardren_prescoto_alyssa_july_10_2018_na_na_doorcam_LACY.csv,61,Lacy,prescoto,alyssa,130.45899999999997,283.1909999999999,20.499999999999915,165.85000000000014
FRI_Scototaxis_MAHMOUD/gridded_commongarden_postscoto_bailey_july_04_2018_na_na_doorcam_MAHMOUD.csv,76,Mahmoud,postscoto,bailey,218.27599999999998,340.6580000000001,6.236999999999938,34.82899999999998
FRI_Scototaxis_MAHMOUD/gridded_commongarden_postscoto_barbara_july_24_2018_na_na_doorcam_MAHMOUD.csv,58,Mahmoud,postscoto,barbara,188.44400000000002,346.5679999999999,9.927999999999955,55.06000000000006
FRI_Scototaxis_MAHMOUD/gridded_commongarden_postscoto_barbie_july_04_2018_na_na_doorcam_MAHMOUD.csv,37,Mahmoud,postscoto,barbie,331.82400000000007,232.05799999999988,10.836999999999989,25.281000000000063
FRI_Scototaxis_MAHMOUD/gridded_commongarden_postscoto_beatrice_july_24_2018_doorcam_MAHMOUD.csv,59,0,postscoto,beatrice,257.97799999999984,253.67299999999986,46.037000000000035,42.31200000000027
FRI_Scototaxis_MAHMOUD/gridded_commongarden_postscoto_becca_july_27_2018_na_na_doorcam_MAHMOUD.csv,77,Mahmoud,postscoto,becca,44.742000000000026,285.831,7.266000000000005,262.16099999999994
FRI_Scototaxis_MAHMOUD/gridded_commongarden_postscoto_beverly_august_27_2018_na_na_doorcam_MAHMOUD.csv,40,Mahmoud,postscoto,beverly,60.834999999999965,517.3040000000001,13.009000000000071,8.851999999999919
FRI_Scototaxis_MAHMOUD/gridded_commongarden_postscoto_beyonce_august_23_2018_na_na_doorcam_MAHMOUD.csv,73,Mahmoud,postscoto,beyonce,225.71399999999986,287.97800000000007,24.96500000000009,61.34299999999999
FRI_Scototaxis_MAHMOUD/gridded_commongarden_postscoto_bianca_july_04_2018_na_na_doorcam_MAHMOUD.csv,81,Mahmoud,postscoto,bianca,242.4450000000001,203.41599999999968,24.96199999999996,129.17700000000022
FRI_Scototaxis_MAHMOUD/gridded_commongarden_postscoto_blossom_july_24_2018_na_na_doorcam_MAHMOUD.csv,69,Mahmoud,postscoto,blossom,153.38499999999993,285.53200000000004,16.656000000000006,144.42700000000008
FRI_Scototaxis_MAHMOUD/gridded_commongarden_postscoto_carla_september_20_2018_na_na_doorcam_MAHMOUD.csv,49,Mahmoud,postscoto,carla,124.99600000000001,427.14400000000006,10.908999999999992,36.95099999999994
FRI_Scototaxis_MAHMOUD/gridded_commongarden_postscoto_catalina_september_20_2018_na_na_doorcam_MAHMOUD.csv,61,Mahmoud,postscoto,catalina,250.90800000000016,311.6569999999998,3.6440000000000055,33.791000000000054
FRI_Scototaxis_MAHMOUD/gridded_commongarden_postscoto_charlotte_september_13_na_na_doorcam_MAHMOUD.csv,35,0,postscoto,charlotte,69.13399999999999,486.655,6.743999999999993,37.46700000000003
FRI_Scototaxis_MAHMOUD/gridded_commongarden_postscoto_chloe_september_13_2018_na_na_doorcam_MAHMOUD.csv,96,Mahmoud,postscoto,chloe,221.70600000000007,137.09299999999993,72.42300000000014,168.77799999999982
FRI_Scototaxis_MAHMOUD/gridded_commongarden_postscoto_claire_september_13_2018_na_na_doorcam_MAHMOUD.csv,40,Mahmoud,postscoto,claire,89.86699999999999,479.97999999999996,13.496999999999957,16.656000000000034
FRI_Scototaxis_MAHMOUD/gridded_commongarden_postscoto_daisy_september_13_2018_na_na_doorcam_MAHMOUD.csv,91,Mahmoud,postscoto,daisy,258.8350000000001,204.8989999999999,51.479999999999976,84.78600000000003
FRI_Scototaxis_MAHMOUD/gridded_commongarden_postscoto_daniela_september_20_2018_na_na_doorcam_MAHMOUD.csv,46,Mahmoud,postscoto,daniela,159.7000000000001,382.5909999999999,27.556000000000004,30.15299999999997
FRI_Scototaxis_MARRONE/gridded_commongarden_postscoto_bailey_july_04_2018_na_na_doorcam_MARRONE.csv,77,Marrone,postscoto,bailey,242.63300000000024,320.72499999999974,6.243999999999886,30.39800000000008
FRI_Scototaxis_MARRONE/gridded_commongarden_postscoto_barbara_july_24_2018_na_na_doorcam_MARRONE.csv,52,Marrone,postscoto,barbara,190.94400000000005,357.52000000000004,10.363999999999962,41.172
FRI_Scototaxis_MARRONE/gridded_commongarden_postscoto_barbie_july_04_2018_na_na_doorcam_MARRONE.csv,44,Marrone,postscoto,barbie,306.32299999999975,255.59800000000018,10.36000000000007,27.718999999999937
FRI_Scototaxis_MARRONE/gridded_commongarden_postscoto_beatrice_july_24_2018_na_na_doorcam_MARRONE.csv,78,Marrone,postscoto,beatrice,232.12600000000018,289.9999999999997,48.43999999999996,29.434000000000083
FRI_Scototaxis_MARRONE/gridded_commongarden_postscoto_becca_july_27_2018_na_na_doorcam_MARRONE.csv,77,Marrone,postscoto,becca,28.838000000000008,307.08600000000007,8.118000000000016,255.9579999999999
FRI_Scototaxis_MARRONE/gridded_commongarden_postscoto_beverly_august_27_2018_na_na_doorcam_MARRONE.csv,44,Marrone,postscoto,beverly,44.043000000000035,540.755,6.201000000000022,9.000999999999962
FRI_Scototaxis_MARRONE/gridded_commongarden_postscoto_beyonce_august_23_2018_na_na_wallcam_MARRONE.csv,83,Marrone,postscoto,beyonce,230.07299999999987,274.5390000000002,29.43600000000007,65.95199999999991
FRI_Scototaxis_MARRONE/gridded_commongarden_postscoto_bianca_july_04_2018_na_na_wallcam_MARRONE.csv,118,Marrone,postscoto,bianca,259.47900000000004,199.52199999999976,33.926000000000045,107.07300000000015
FRI_Scototaxis_MARRONE/gridded_commongarden_postscoto_blossom_july_24_2018_na_na_wallcam_MARRONE.csv,69,Marrone,postscoto,blossom,171.45,281.71100000000007,6.995999999999981,139.843
FRI_Scototaxis_MARRONE/gridded_commongarden_postscoto_carla_september_20_2018_na_na_wallcam_MARRONE.csv,53,Marrone,postscoto,carla,129.42999999999998,416.7699999999999,8.158000000000044,45.64200000000008
FRI_Scototaxis_MARRONE/gridded_commongarden_postscoto_catalina_september_20_2018_na_na_doorcam_MARRONE.csv,82,Marrone,postscoto,catalina,257.6389999999998,305.12600000000015,3.634999999999991,33.60000000000002
FRI_Scototaxis_MARRONE/gridded_commongarden_postscoto_charlotte_september_13_2018_na_na_doorcam_MARRONE.csv,55,Marrone,postscoto,charlotte,83.10299999999995,470.3870000000001,5.918999999999993,40.590999999999966
FRI_Scototaxis_MARRONE/gridded_commongarden_postscoto_chloe_september_13_2018_na_na_wallcam_MARRONE.csv,107,Marrone,postscoto,chloe,210.614,140.86599999999987,92.06999999999991,156.45000000000022
FRI_Scototaxis_MARRONE/gridded_commongarden_postscoto_claire_september_13_2018_na_na_doorcam_MARRONE.csv,47,Marrone,postscoto,claire,99.11899999999997,463.60999999999996,16.240000000000038,21.031000000000006
FRI_Scototaxis_MARRONE/gridded_commongarden_postscoto_daisy_september_13_2018_na_na_wallcam_MARRONE.csv,123,Marrone,postscoto,daisy,254.16100000000006,181.16499999999994,62.98299999999996,101.69100000000007
FRI_Scototaxis_MARRONE/gridded_commongarden_postscoto_daniela_september_20_2018_na_na_wallcam_MARRONE.csv,59,Marrone,postscoto,daniela,188.776,357.177,21.842999999999982,32.20400000000002
FRI_Scototaxis_MARTINEZ/gridded_commongarden_postscoto_bailey_july_04_2018_na_na_doorcam_MARTINEZ.mp4.csv,87,Martinez,postscoto,bailey,223.97399999999988,336.82700000000017,7.559000000000026,31.639999999999958
FRI_Scototaxis_MARTINEZ/gridded_commongarden_postscoto_barbara_july_24_2018_na_na_doorcam_MARTINEZ.mp4.csv,72,Martinez,postscoto,barbara,198.05699999999985,343.4270000000001,11.204999999999984,47.31100000000002
FRI_Scototaxis_MARTINEZ/gridded_commongarden_postscoto_barbie_july_04_2018_na_na_doorcam_MARTINEZ.mp4.csv,42,Martinez,postscoto,barbie,349.483,211.83799999999985,13.442000000000121,25.236999999999966
FRI_Scototaxis_MARTINEZ/gridded_commongarden_postscoto_becca_july_27_2018_na_na_doorcam_MARTINEZ.mp4.csv,86,Martinez,postscoto,becca,22.11099999999989,302.15600000000006,13.164999999999914,262.5680000000001
FRI_Scototaxis_MARTINEZ/gridded_commongarden_postscoto_beverly_august_27_2018_na_na_doorcam_MARTINEZ.mp4.csv,44,Martinez,postscoto,beverly,43.68000000000008,538.722,8.942999999999927,8.65500000000003
FRI_Scototaxis_MARTINEZ/gridded_commongarden_postscoto_beyonce_august_23_2018_na_na_wallcam_MARTINEZ.mp4.csv,86,Martinez,postscoto,beyonce,223.19099999999992,281.048,26.319000000000017,69.44200000000006
FRI_Scototaxis_MARTINEZ/gridded_commongarden_postscoto_bianca_july_04_2018_na_na_wallcam_MARTINEZ.mp4.csv,130,Martinez,postscoto,bianca,232.7150000000002,216.9179999999996,36.69799999999995,113.66900000000024
FRI_Scototaxis_MARTINEZ/gridded_commongarden_postscoto_blossom_july_24_2018_na_na_wallcam_MARTINEZ.mp4.csv,68,Martinez,postscoto,blossom,180.35600000000002,270.958,12.882999999999992,135.80299999999994
FRI_Scototaxis_MARTINEZ/gridded_commongarden_postscoto_carla_september_20_2018_na_na_wallcam_MARTINEZ.mp4.csv,55,Martinez,postscoto,carla,130.03799999999995,415.91700000000003,7.562999999999988,46.48200000000003
FRI_Scototaxis_MARTINEZ/gridded_commongarden_postscoto_catalina_september_20_2018_na_na_doorcam_MARTINEZ.mp4.csv,78,Martinez,postscoto,catalina,252.55799999999982,308.8000000000001,5.881000000000018,32.761000000000024
FRI_Scototaxis_MARTINEZ/gridded_commongarden_postscoto_charlotte_september_13_2018_na_na_doorcam_MARTINEZ.mp4.csv,52,Martinez,postscoto,charlotte,70.247,472.87399999999997,5.598000000000027,51.28100000000002
FRI_Scototaxis_MARTINEZ/gridded_commongarden_postscoto_chloe_september_13_2018_na_na_wallcam_MARTINEZ.mp4.csv,136,Martinez,postscoto,chloe,205.48400000000038,144.47599999999997,86.2399999999995,163.8000000000002
FRI_Scototaxis_MARTINEZ/gridded_commongarden_postscoto_claire_september_13_2018_na_na_doorcam_MARTINEZ.mp4.csv,49,Martinez,postscoto,claire,86.844,479.839,16.80000000000001,16.516999999999967
FRI_Scototaxis_MARTINEZ/gridded_commongarden_postscoto_daisy_september_13_2018_na_na_wallcam_MARTINEZ.mp4.csv,130,Martinez,postscoto,daisy,249.11400000000015,187.61399999999998,61.642999999999745,101.62900000000013
FRI_Scototaxis_MARTINEZ/gridded_commongarden_postscoto_daniela_september_20_2018_na_na_wallcam_MARTINEZ.mp4.csv,86,Martinez,postscoto,daniela,178.3509999999999,365.91800000000006,23.244000000000106,32.486999999999874
FRI_Scototaxis_MARTINEZ/gridded_commongarden_pstscoto_beatrice_july_24_2018_na_na_doorcam_MARTINEZ.mp4.csv,74,Martinez,pstscoto,beatrice,230.57800000000034,289.6229999999996,50.12000000000003,29.678999999999974
FRI_Scototaxis_MOORE/gridded_commongarden_postscoto_bailey_july_04_2018_na_na_doorcam_MOORE.csv,78,Moore,postscoto,bailey,260.64899999999983,302.4040000000001,6.426000000000045,30.520999999999958
FRI_Scototaxis_MOORE/gridded_commongarden_postscoto_barbara_july_24_2018_na-na-doorcam_MOORE.csv,52,0,postscoto,barbara,187.04599999999996,359.083,10.643,43.22800000000002
FRI_Scototaxis_MOORE/gridded_commongarden_postscoto_barbie_july_04_2018_na_na_doorcam_MOORE.csv,41,Moore,postscoto,barbie,306.18100000000004,255.25500000000002,11.00200000000001,27.561999999999955
FRI_Scototaxis_MOORE/gridded_commongarden_postscoto_beatrice_july_24_2018_na_na_doorcam_MOORE.csv,74,Moore,postscoto,beatrice,225.75199999999984,292.85100000000006,48.480000000000075,32.91700000000006
FRI_Scototaxis_MOORE/gridded_commongarden_postscoto_becca_july_27_2018_na_na_doorcam_MOORE.csv,73,Moore,postscoto,becca,26.68800000000003,311.6499999999998,8.749999999999979,252.9120000000002
FRI_Scototaxis_MOORE/gridded_commongarden_postscoto_beverly_august_27_2018_na_na_doorcam_MOORE.csv,45,Moore,postscoto,beverly,45.91499999999995,538.9650000000001,6.991000000000042,8.128999999999962
FRI_Scototaxis_MOORE/gridded_commongarden_postscoto_beyonce_august_23_2018_na_na_wallcam_MOORE.csv,78,Moore,postscoto,beyonce,230.48600000000013,271.30600000000004,28.839999999999883,69.36799999999997
FRI_Scototaxis_MOORE/gridded_commongarden_postscoto_bianca_july_04_2018_na_na_wallcam_MOORE.csv,101,Moore,postscoto,bianca,252.62700000000012,208.51400000000007,31.078999999999922,107.77999999999992
FRI_Scototaxis_MOORE/gridded_commongarden_postscoto_blossom_july_24_2018_na_na_wallcam_MOORE.csv,76,Moore,postscoto,blossom,170.2210000000001,286.303,10.911000000000005,132.5649999999999
FRI_Scototaxis_MOORE/gridded_commongarden_postscoto_carla_september_20_2018_na_na_wallcam_MOORE.csv,54,Moore,postscoto,carla,120.7950000000001,427.0569999999999,7.357000000000028,44.791000000000025
FRI_Scototaxis_MOORE/gridded_commongarden_postscoto_catalina_september_20_2018_na_na_doorcam_MOORE.csv,82,Moore,postscoto,catalina,253.2430000000003,309.43899999999985,5.041999999999966,32.275999999999954
FRI_Scototaxis_MOORE/gridded_commongarden_postscoto_charlotte_september_13_2018_na_na_doorcam_MOORE.csv,54,Moore,postscoto,charlotte,81.10099999999986,472.86000000000024,5.0570000000000235,40.98199999999991
FRI_Scototaxis_MOORE/gridded_commongarden_postscoto_chloe_september_13_2018_na_na_wallcam_MOORE.csv,114,Moore,postscoto,chloe,214.73,140.82500000000002,87.41299999999988,157.03200000000015
FRI_Scototaxis_MOORE/gridded_commongarden_postscoto_claire_september_13_2018_na_na_doorcam_MOORE.csv,50,Moore,postscoto,claire,98.96899999999998,464.8400000000001,16.522999999999996,19.668000000000006
FRI_Scototaxis_MOORE/gridded_commongarden_postscoto_daisy_september_13_2018_na_na_wallcam_MOORE.csv,114,Moore,postscoto,daisy,245.75400000000002,189.34400000000005,64.5059999999999,100.39600000000004
FRI_Scototaxis_MOORE/gridded_commongarden_postscoto_daniela_september_20_2018_na_na_wallcam_MOORE.csv,67,Moore,postscoto,daniela,177.45700000000014,367.61899999999986,21.038999999999994,33.88500000000001
FRI_Scototaxis_NGUYEN/gridded_commongarden_postscoto_abigail_july_04_2018_na_na_wallcam_NGUYEN.csv,59,Nguyen,postscoto,abigail,143.251,343.76199999999994,11.249999999999943,101.73700000000008
FRI_Scototaxis_NGUYEN/gridded_commongarden_postscoto_allison_august_23_2018_na_na_wallcam_NGUYEN.csv,65,Nguyen,postscoto,allison,200.24999999999994,257.2090000000002,14.250999999999976,128.2899999999999
FRI_Scototaxis_NGUYEN/gridded_commongarden_postscoto_alyssa_july_24_2018_na_na_doorcam_NGUYEN.csv,61,Nguyen,postscoto,alyssa,35.986999999999995,324.02,23.288000000000032,216.70499999999998
FRI_Scototaxis_NGUYEN/gridded_commongarden_postscoto_amanda_july_24_2018_na_na_doorcam_NGUYEN.csv,93,Nguyen,postscoto,amanda,112.26499999999996,304.76099999999997,24.014999999999986,158.9590000000001
FRI_Scototaxis_NGUYEN/gridded_commongarden_postscoto_amber_july_27_2018_na_na_doorcam_NGUYEN.csv,36,Nguyen,postscoto,amber,128.99900000000008,419.99099999999993,2.2620000000000005,48.74800000000005
FRI_Scototaxis_NGUYEN/gridded_commongarden_postscoto_bailey_july_04_2018_na_na_doorcam_NGUYEN.csv,73,Nguyen,postscoto,bailey,134.25,422.984,10.515000000000015,32.250999999999976
FRI_Scototaxis_NGUYEN/gridded_commongarden_postscoto_barbara_july_24_2018_na_na_doorcam_NGUYEN.csv,55,Nguyen,postscoto,barbara,191.23100000000002,350.29099999999994,12,46.47800000000001
FRI_Scototaxis_NGUYEN/gridded_commongarden_postscoto_barbie_july_04_2018_na_na_doorcam_NGUYEN.csv,51,Nguyen,postscoto,barbie,328.58099999999996,233.16999999999996,11.999000000000024,26.25
FRI_Scototaxis_NGUYEN/gridded_commongarden_postscoto_beatrice_july_24_2018_na_na_doorcam_NGUYEN.csv,78,Nguyen,postscoto,beatrice,219.735,301.028,42.485000000000014,36.75199999999995
FRI_Scototaxis_NGUYEN/gridded_commongarden_postscoto_becca_july_27_2018_na_na_doorcam_NGUYEN.csv,72,Nguyen,postscoto,becca,29.276999999999965,304.23500000000007,14.497000000000007,251.99099999999996
FRI_Scototaxis_NGUYEN/gridded_commongarden_postscoto_bella_july_27_2018_na_na_wallcam_NGUYEN.csv,19,Nguyen,postscoto,bella,100.49899999999997,499.50100000000003,0,0
FRI_Scototaxis_NGUYEN/gridded_commongarden_postscoto_bernadette_august_23_2018_na_na_doorcam_NGUYEN.csv,93,Nguyen,postscoto,bernadette,109.50700000000006,399.7209999999999,26.250999999999976,64.52100000000007
FRI_Scototaxis_NGUYEN/gridded_commongarden_postscoto_bernice_august_27_2018_na_na_wallcam_NGUYEN.csv,107,Nguyen,postscoto,bernice,210.02599999999998,180.24699999999999,55.97899999999987,153.74800000000016
FRI_Scototaxis_NGUYEN/gridded_commongarden_postscoto_bess_august_23_2018_na_na_wallcam_NGUYEN.csv,97,Nguyen,postscoto,bess,183.73500000000013,270.50299999999993,23.250999999999976,122.51100000000002
FRI_Scototaxis_NGUYEN/gridded_commongarden_postscoto_beth_july_27_2018_na_na_doorcam_NGUYEN.csv,66,Nguyen,postscoto,beth,15.747000000000021,364.0059999999999,9.749999999999998,210.49700000000007
FRI_Scototaxis_NGUYEN/gridded_commongarden_postscoto_bethany_august_27_2018_na_na_wallcam_NGUYEN.csv,84,Nguyen,postscoto,bethany,176.989,298.981,31.013999999999932,93.0160000000001
FRI_Scototaxis_PATIL/gridded_commongarden_postscoto_abigail_july_04_2018_na_na_wallcam_PATIL.csv,53,Patil,postscoto,abigail,147.72500000000002,364.0099999999999,15.421999999999969,72.84300000000013
FRI_Scototaxis_PATIL/gridded_commongarden_postscoto_allison_august_23_2018_na_na_wallcam_PATIL.csv,67,Patil,postscoto,allison,204.50900000000001,258.40799999999984,18.770999999999958,118.31200000000027
FRI_Scototaxis_PATIL/gridded_commongarden_postscoto_alyssa_july_24_2019_na_na_doorcam_PATIL.csv,75,Patil,postscoto,alyssa,43.885000000000076,303.4539999999998,25.79100000000004,226.8700000000001
FRI_Scototaxis_PATIL/gridded_commongarden_postscoto_amanda_july_24_2018_na_na_doorcam_PATIL.csv,127,Patil,postscoto,amanda,123.15700000000001,287.3209999999999,32.03699999999985,157.48500000000027
FRI_Scototaxis_PATIL/gridded_commongarden_postscoto_amber_july_27_2018_na_na_doorcam_PATIL.csv,42,Patil,postscoto,amber,137.48999999999992,412.64500000000015,2.3670000000000186,47.497999999999934
FRI_Scototaxis_PATIL/gridded_commongarden_postscoto_bailey_july_04_2018_na_na_doorcam_PATIL.csv,92,Patil,postscoto,bailey,258.96500000000015,304.0879999999999,7.624000000000052,29.322999999999922
FRI_Scototaxis_PATIL/gridded_commongarden_postscoto_barbara_july_24_2018_na_na_doorcam_PATIL.csv,71,Patil,postscoto,barbara,196.76599999999996,350.039,10.578999999999951,42.61600000000004
FRI_Scototaxis_PATIL/gridded_commongarden_postscoto_barbie_july_04_2018_na_na_doorcam_PATIL.csv,53,Patil,postscoto,barbie,333.6950000000001,227.67599999999976,12.19700000000006,26.432000000000016
FRI_Scototaxis_PATIL/gridded_commongarden_postscoto_beatrice_july_24_2018_na_na_doorcam_PATIL.csv,89,Patil,postscoto,beatrice,237.48600000000008,286.421,45.137,30.955999999999904
FRI_Scototaxis_PATIL/gridded_commongarden_postscoto_becca_july_27_2018_na_na_doorcam_PATIL.csv,82,Patil,postscoto,becca,30.845999999999975,302.83600000000007,11.54800000000002,254.7749999999999
FRI_Scototaxis_PATIL/gridded_commongarden_postscoto_bella_july_27_2018_na_na_wallcam_PATIL.csv,19,Patil,postscoto,bella,99.41900000000001,500.581,0,0
FRI_Scototaxis_PATIL/gridded_commongarden_postscoto_bernadette_august_23_2018_na_na_doorcam_PATIL.csv,108,Patil,postscoto,bernadette,122.75099999999983,384.7040000000002,24.67599999999993,67.86900000000003
FRI_Scototaxis_PATIL/gridded_commongarden_postscoto_bernice_august_27_2018_na_na_wallcam_PATIL.csv,129,Patil,postscoto,bernice,225.10499999999996,164.8930000000002,65.50599999999994,144.49599999999987
FRI_Scototaxis_PATIL/gridded_commongarden_postscoto_bess_august_23_2018_na_na_wallcam_PATIL.csv,110,Patil,postscoto,bess,254.4089999999998,196.542,40.25000000000021,108.79899999999998
FRI_Scototaxis_PATIL/gridded_commongarden_postscoto_beth_july_27_2018_na_na_doorcam_PATIL.csv,75,Patil,postscoto,beth,21.025999999999947,359.90199999999993,4.354000000000006,214.7180000000001
FRI_Scototaxis_PATIL/gridded_commongarden_postscoto_bethany_august_27_2018_na_na_wallcam_PATIL.csv,102,Patil,postscoto,bethany,198.172,282.2289999999998,29.050000000000082,90.56200000000007
FRI_Scototaxis_PHILLIPS/gridded_commongarden_postscoto_abigail_july_04_2018_na_na_wallcam_PHILLIPS.csv,53,Phillips,postscoto,abigail,140.52700000000004,370.7069999999997,13.726999999999947,75.03900000000027
FRI_Scototaxis_PHILLIPS/gridded_commongarden_postscoto_allison_august_23_2018_na_na_wallcam_PHILLIPS.csv,54,Phillips,postscoto,allison,205.92999999999998,254.94400000000002,15.963000000000164,123.1629999999999
FRI_Scototaxis_PHILLIPS/gridded_commongarden_postscoto_alyssa_july_24_2018_na_na_doorcam_PHILLIPS.csv,61,Phillips,postscoto,alyssa,41.23200000000003,306.7019999999999,30.321000000000048,221.74499999999998
FRI_Scototaxis_PHILLIPS/gridded_commongarden_postscoto_amanda_july_24_2018_na_na_doorcam_PHILLIPS.csv,98,Phillips,postscoto,amanda,100.57099999999997,314.9739999999999,27.998999999999924,156.45600000000022
FRI_Scototaxis_PHILLIPS/gridded_commongarden_postscoto_amber_july_27_2018_na_na_doorcam_PHILLIPS.csv,33,Phillips,postscoto,amber,154.48999999999995,394.914,3.2860000000000014,47.31000000000006
FRI_Scototaxis_PHILLIPS/gridded_commongarden_postscoto_bailey_july_04_2018_na_na_doorcam_PHILLIPS.csv,87,Phillips,postscoto,bailey,177.683,384.7650000000001,4.0769999999998845,33.47500000000008
FRI_Scototaxis_PHILLIPS/gridded_commongarden_postscoto_barbara_july_24_2018_na_na_doorcam_PHILLIPS.csv,63,Phillips,postscoto,barbara,198.49699999999999,345.496,10.362999999999971,45.64400000000005
FRI_Scototaxis_PHILLIPS/gridded_commongarden_postscoto_barbie_july_04_2018_na_na_doorcam_PHILLIPS.csv,44,Phillips,postscoto,barbie,361.0780000000002,199.96899999999994,12.357999999999947,26.59499999999997
FRI_Scototaxis_PHILLIPS/gridded_commongarden_postscoto_beatrice_july_24_2018_na_na_doorcam_PHILLIPS.csv,82,Phillips,postscoto,beatrice,244.43700000000013,277.15499999999986,45.10099999999993,33.30700000000013
FRI_Scototaxis_PHILLIPS/gridded_commongarden_postscoto_becca_july_27_2018_na_na_doorcam_PHILLIPS.csv,75,Phillips,postscoto,becca,28.551000000000002,281.40500000000014,8.403000000000006,281.6409999999999
FRI_Scototaxis_PHILLIPS/gridded_commongarden_postscoto_bella_july_27_2018_na_na_wallcam_PHILLIPS.csv,19,Phillips,postscoto,bella,98.78800000000003,501.21199999999993,0,0
FRI_Scototaxis_PHILLIPS/gridded_commongarden_postscoto_bernadette_august_23_2018_na_na_doorcam_PHILLIPS.csv,102,Phillips,postscoto,bernadette,117.48599999999983,386.21599999999995,27.463000000000143,68.8350000000001
FRI_Scototaxis_PHILLIPS/gridded_commongarden_postscoto_bernice_august_27_2018_na_na_wallcam_PHILLIPS.csv,118,Phillips,postscoto,bernice,211.47000000000014,176.85699999999997,61.31999999999985,150.35300000000004
FRI_Scototaxis_PHILLIPS/gridded_commongarden_postscoto_bess_august_23_2018_na_na_wallcam_PHILLIPS.csv,98,Phillips,postscoto,bess,239.7269999999998,209.11000000000013,27.735000000000085,123.42800000000001
FRI_Scototaxis_PHILLIPS/gridded_commongarden_postscoto_beth_july_27_2018_na_na_doorcam_PHILLIPS.csv,69,Phillips,postscoto,beth,18.19500000000003,362.7490000000001,3.080000000000002,215.97599999999986
FRI_Scototaxis_PHILLIPS/gridded_commongarden_postscoto_bethany_august_27_2018_na_na_wallcam_PHILLIPS.csv,99,Phillips,postscoto,bethany,192.5839999999999,284.60100000000017,26.76299999999999,96.05199999999999
FRI_Scototaxis_RAVIPATI/gridded_commongarden_postscoto_abigail_july_04_2018_na_na_wallcam_RAVIPATI.csv,54,Ravipati,postscoto,abigail,146.8420000000001,365.51799999999986,11.197999999999979,76.44200000000001
FRI_Scototaxis_RAVIPATI/gridded_commongarden_postscoto_allison_august_23_2018_na_na_wallcam_RAVIPATI.csv,63,Ravipati,postscoto,allison,208.36999999999998,250.87500000000003,18.766000000000076,121.98899999999995
FRI_Scototaxis_RAVIPATI/gridded_commongarden_postscoto_alyssa_july_24_2018_na_na_doorcam_RAVIPATI.csv,64,Ravipati,postscoto,alyssa,41.20800000000008,305.81600000000003,30.576000000000025,222.39999999999978
FRI_Scototaxis_RAVIPATI/gridded_commongarden_postscoto_amanda_july_24_2018_na_na_doorcam_RAVIPATI.csv,98,Ravipati,postscoto,amanda,111.0740000000001,288.69500000000005,26.31600000000006,173.9149999999998
FRI_Scototaxis_RAVIPATI/gridded_commongarden_postscoto_amber_july_27_2018_na_na_doorcam_RAVIPATI.csv,37,Ravipati,postscoto,amber,132.4780000000001,418.5279999999999,1.9579999999999416,47.03600000000006
FRI_Scototaxis_RAVIPATI/gridded_commongarden_postscoto_bailey_july_04_2018_na_na_doorcam_RAVIPATI.csv,86,Ravipati,postscoto,bailey,236.40300000000016,326.3589999999998,7.000000000000114,30.237999999999886
FRI_Scototaxis_RAVIPATI/gridded_commongarden_postscoto_barbara_july_24_2018_na_na_doorcam_RAVIPATI.csv,63,Ravipati,postscoto,barbara,189.02799999999996,360.0140000000001,8.673000000000052,42.28499999999987
FRI_Scototaxis_RAVIPATI/gridded_commongarden_postscoto_barbie_july_04_2018_na_na_doorcam_RAVIPATI.csv,43,Ravipati,postscoto,barbie,337.5420000000002,224.69599999999977,11.480999999999995,26.281000000000063
FRI_Scototaxis_RAVIPATI/gridded_commongarden_postscoto_beatrice_july_24_2018_na_na_doorcam_RAVIPATI.csv,77,Ravipati,postscoto,beatrice,238.4389999999999,286.22700000000015,46.21799999999998,29.115999999999957
FRI_Scototaxis_RAVIPATI/gridded_commongarden_postscoto_becca_july_27_2018_na_na_doorcam_RAVIPATI.csv,77,Ravipati,postscoto,becca,29.73099999999996,277.893,8.030999999999992,254.33000000000015
FRI_Scototaxis_RAVIPATI/gridded_commongarden_postscoto_bella_july_27_2018_na_na_wallcam_RAVIPATI.csv,19,Ravipati,postscoto,bella,95.88100000000004,504.11899999999997,0,0
FRI_Scototaxis_RAVIPATI/gridded_commongarden_postscoto_bernadette_august_23_2018_na_na_doorcam_RAVIPATI.csv,105,Ravipati,postscoto,bernadette,114.42799999999998,394.54099999999994,23.512999999999977,67.51800000000014
FRI_Scototaxis_RAVIPATI/gridded_commongarden_postscoto_bernice_august_27_2018_na_na_wallcam_RAVIPATI.csv,114,Ravipati,postscoto,bernice,218.38799999999995,171.75200000000004,59.76200000000001,150.09800000000004
FRI_Scototaxis_RAVIPATI/gridded_commongarden_postscoto_bess_august_23_2018_na_na_wallcam_RAVIPATI.csv,97,Ravipati,postscoto,bess,249.72400000000022,195.05899999999986,31.930999999999933,123.28599999999994
FRI_Scototaxis_RAVIPATI/gridded_commongarden_postscoto_beth_july_27_2018_na_na_doorcam_RAVIPATI.csv,68,Ravipati,postscoto,beth,20.15600000000004,364.6360000000001,2.798000000000002,212.40999999999985
FRI_Scototaxis_RAVIPATI/gridded_commongarden_postscoto_bethany_august_27_2018_na_na_wallcam_RAVIPATI.csv,93,Ravipati,postscoto,bethany,198.25699999999998,277.86300000000017,27.519999999999996,96.35999999999987
FRI_Scototaxis_SANCHEZ/gridded_commongarden_postscoto_abigail_july_04_2018_na_na_wallcam_SANCHEZ.csv,49,Sanchez,postscoto,abigail,148.973,362.8269999999999,8.958999999999975,79.24100000000004
FRI_Scototaxis_SANCHEZ/gridded_commongarden_postscoto_allison_august_23_2018_na_na_wallcam_SANCHEZ.csv,59,Sanchez,postscoto,allison,182.93999999999994,275.96799999999985,12.873999999999938,128.21800000000027
FRI_Scototaxis_SANCHEZ/gridded_commongarden_postscoto_alyssa_july_24_2018_na_na_doorcam_SANCHEZ.csv,61,Sanchez,postscoto,alyssa,64.68299999999994,308.4860000000001,17.083000000000023,209.74799999999993
FRI_Scototaxis_SANCHEZ/gridded_commongarden_postscoto_amanda_july_24_2018_na_na_doorcam_SANCHEZ.csv,98,Sanchez,postscoto,amanda,114.04400000000005,265.26599999999996,53.22200000000012,167.46799999999985
FRI_Scototaxis_SANCHEZ/gridded_commongarden_postscoto_amber_july_27_2018_na_na_doorcam_SANCHEZ.csv,29,Sanchez,postscoto,amber,122.639,425.55499999999995,3.9180000000000064,47.88799999999998
FRI_Scototaxis_SANCHEZ/gridded_commongarden_postscoto_amy_august_23_2018_na_na_doorcam_SANCHEZ.csv,65,Sanchez,postscoto,amy,123.87300000000013,293.2349999999999,30.52499999999991,152.36700000000008
FRI_Scototaxis_SANCHEZ/gridded_commongarden_postscoto_andrea_july_27_2018_na_na_wallcam_SANCHEZ.csv,29,Sanchez,postscoto,andrea,213.68099999999995,354.397,4.479999999999997,27.442
FRI_Scototaxis_SANCHEZ/gridded_commongarden_postscoto_anna_july_04_2018_na_na_doorcam_SANCHEZ.csv,25,Sanchez,postscoto,anna,92.38499999999996,37.254000000000026,0.2809999999999917,0.5600000000000023
FRI_Scototaxis_SANCHEZ/gridded_commongarden_postscoto_ariana_august_27_2018_na_na_doorcam_SANCHEZ.csv,93,Sanchez,postscoto,ariana,171.95700000000005,357.2229999999999,9.791999999999945,61.028000000000134
FRI_Scototaxis_SANCHEZ/gridded_commongarden_postscoto_audrey_august_23_2018_na_na_doorcam_SANCHEZ.csv,91,Sanchez,postscoto,audrey,107.04000000000002,397.3689999999999,4.203000000000031,91.38800000000002
FRI_Scototaxis_SANCHEZ/gridded_commongarden_postscoto_ava_july_04_2018_na_na_wallcam_SANCHEZ.csv,94,Sanchez,postscoto,ava,101.53800000000011,282.5129999999998,46.85499999999998,169.09400000000002
FRI_Scototaxis_SANCHEZ/gridded_commongarden_postscoto_bailey_july_04_2018_na_na_doorcam_SANCHEZ.csv,77,Sanchez,postscoto,bailey,175.31100000000006,373.7139999999999,5.596000000000004,45.37900000000002
FRI_Scototaxis_SANCHEZ/gridded_commongarden_postscoto_barbara_july_24_2018_na_na_doorcam_SANCHEZ.csv,58,Sanchez,postscoto,barbara,198.2859999999998,348.52500000000015,9.510000000000005,43.67900000000003
FRI_Scototaxis_SANCHEZ/gridded_commongarden_postscoto_barbie_july_04_2018_na_na_doorcam_SANCHEZ.csv,45,Sanchez,postscoto,barbie,288.953,266.84,11.761000000000024,32.446000000000026
FRI_Scototaxis_SANCHEZ/gridded_commongarden_postscoto_beatrice_july_24_2018_na_na_doorcam_SANCHEZ.csv,65,Sanchez,postscoto,beatrice,233.94900000000007,284.40800000000024,47.61599999999984,34.026999999999845
FRI_Scototaxis_SANCHEZ/gridded_commongarden_postscoto_becca_july_27_2018_na_na_doorcam_SANCHEZ.csv,72,Sanchez,postscoto,becca,39.19900000000005,293.12199999999996,9.51599999999997,258.163
FRI_Scototaxis_SHIN/commongarden_postscoto_amber_july_27_2018_na_na_doorcam_SHIN.csv,30,0,amber,july,148.84199999999993,399.759,3.754000000000019,47.64499999999998
FRI_Scototaxis_SHIN/gridded_commongarden_postscoto_abigail_july_04_2018_na_na_wallcam.csv,51,0,postscoto,abigail,143.2770000000001,373.049,11.916000000000082,71.75799999999984
FRI_Scototaxis_SHIN/gridded_commongarden_postscoto_allison_august_23_2018_na_na_wallcam_SHIN.csv,51,Shin,postscoto,allison,199.06599999999997,256.47099999999995,20.161000000000143,124.30199999999991
FRI_Scototaxis_SHIN/gridded_commongarden_postscoto_amanda_july_24_2018_na_na_doorcam_SHIN.csv,93,Shin,postscoto,amanda,119.77999999999997,280.9699999999999,33.922000000000075,165.32800000000006
FRI_Scototaxis_SHIN/gridded_commongarden_postscoto_amy_august_23_2018_na_na_doorcam_SHIN.csv,64,Shin,postscoto,amy,122.11299999999994,315.1660000000001,12.318000000000012,150.403
FRI_Scototaxis_SHIN/gridded_commongarden_postscoto_anna_july_04_2018_na_na_doorcam_SHIN.csv,87,Shin,postscoto,anna,241.91500000000013,269.74999999999966,4.47499999999998,83.86000000000021
FRI_Scototaxis_SHIN/gridded_commongarden_postscoto_ariana_august_27_2018_na_na_doorcam_SHIN.csv,89,Shin,postscoto,ariana,158.40900000000002,366.0039999999999,12.589999999999975,62.9970000000001
FRI_Scototaxis_SHIN/gridded_commongarden_postscoto_audrey_august_23_2018_na_na_doorcam_SHIN.csv,87,Shin,postscoto,audrey,107.84799999999981,394.51400000000024,5.04199999999998,92.596
FRI_Scototaxis_SHIN/gridded_commongarden_postscoto_ava_july_04_2018_na_na_wallcam_SHIN.csv,90,Shin,postscoto,ava,114.03399999999996,285.4720000000001,14.34699999999993,186.147
FRI_Scototaxis_SHIN/gridded_commongarden_postscoto_bailey_july_04_2018_na_na_doorcam_SHIN.csv,73,Shin,postscoto,bailey,207.6049999999998,353.3400000000002,7.2840000000001055,32.73099999999988
FRI_Scototaxis_SHIN/gridded_commongarden_postscoto_barbara_july_24_2018_na_na_doorcam_SHIN.csv,50,Shin,postscoto,barbara,208.77699999999993,336.3140000000001,13.711000000000027,41.19800000000001
FRI_Scototaxis_SHIN/gridded_commongarden_postscoto_barbie_july_04_2018_na_na_doorcam_SHIN.mp4_2019-02-28T183926_649.csv,39,Shin,postscoto,barbie,362.46900000000005,199.17399999999998,10.359999999999957,27.99700000000007
FRI_Scototaxis_SHIN/gridded_commongarden_postscoto_beatrice_july_24_2018_na_na_doorcam_SHIN.mp4_2019-02-28T204850_763.csv,75,Shin,postscoto,beatrice,230.03499999999994,289.839,48.15899999999977,31.96700000000027
FRI_Scototaxis_SHIN/gridded_commongarden_postscoto_becca_july_27_2018_na_na_doorcam_SHIN.csv,77,Shin,postscoto,becca,30.806999999999988,305.70400000000006,8.963000000000015,254.5259999999999
FRI_Scototaxis_SHIN/gridded_commongarden_postsoc_alyssa_july_24_2018_na_na_doorcam_SHIN.csv,61,Shin,postsoc,alyssa,43.12100000000006,304.61399999999986,27.453000000000095,224.81199999999998
FRI_Scototaxis_SHIN/gridded_commongarden_postsoc_andrea_july_27_2018_na_na_wallcam_SHIN.csv,28,Shin,postsoc,andrea,181.13099999999997,408.226,1.3980000000000032,9.244999999999997
FRI_Scototaxis_VARNER/gridded_commongarden_postscoto_allison_august_23_2018_na_na_wallcam_VARNER.csv,57,Varner,postscoto,allison,194.12000000000006,252.33299999999986,20.417999999999978,133.1290000000001
FRI_Scototaxis_VARNER/gridded_commongarden_postscoto_alyssa_july_24_2018_na_na_doorcam_VARNER.csv,63,Varner,postscoto,alyssa,44.12499999999997,296.4759999999999,37.841000000000065,221.5580000000001
FRI_Scototaxis_VARNER/gridded_commongarden_postscoto_amanda_july_24_2018_na_na_doorcam_VARNER.csv,103,Varner,postscoto,amanda,111.96600000000002,289.386,32.237999999999836,166.41000000000014
FRI_Scototaxis_VARNER/gridded_commongarden_postscoto_amber_july_27_2018_na_na_doorcam_VARNER.csv,27,Varner,postscoto,amber,142.00299999999996,399.69899999999996,7.113000000000028,51.185
FRI_Scototaxis_VARNER/gridded_commongarden_postscoto_bailey_july_04_2018_na_na_doorcam_VARNER.csv,56,Varner,postscoto,bailey,127.82200000000007,426.2949999999999,12.199999999999989,33.68299999999999
FRI_Scototaxis_VARNER/gridded_commongarden_postscoto_barbara_july_24_2018_na_na_doorcam_VARNER.csv,49,Varner,postscoto,barbara,194.43599999999998,354.435,9.107,42.02200000000008
FRI_Scototaxis_VARNER/gridded_commongarden_postscoto_barbie_july_04_2018_na_na_doorcam_VARNER.csv,42,Varner,postscoto,barbie,351.9549999999998,208.15100000000024,13.326999999999998,26.56699999999995
FRI_Scototaxis_VARNER/gridded_commongarden_postscoto_beatrice_july_24_2018_na_na_doorcam_VARNER.csv,65,Varner,postscoto,beatrice,230.58700000000013,288.92199999999985,41.96899999999988,38.52200000000008
FRI_Scototaxis_VARNER/gridded_commongarden_postscoto_becca_july_27_2018_na_na_doorcam_VARNER.csv,66,Varner,postscoto,becca,19.078999999999965,314.139,6.876000000000026,259.906
FRI_Scototaxis_VARNER/gridded_commongarden_postscoto_bella_july_27_2018_na_na_wallcam_VARNER.csv,21,Varner,postscoto,bella,110.40700000000022,489.59299999999985,0,0
FRI_Scototaxis_VARNER/gridded_commongarden_postscoto_bernadette_august_23_2018_na_na_doorcam_VARNER.csv,99,Varner,postscoto,bernadette,117.05900000000005,396.2219999999999,23.565000000000055,63.15399999999994
FRI_Scototaxis_VARNER/gridded_commongarden_postscoto_bernice_august_27_2018_na_na_wallcam_VARNER.csv,106,Varner,postscoto,bernice,207.1350000000001,177.59900000000005,62.328999999999944,152.93699999999995
FRI_Scototaxis_VARNER/gridded_commongarden_postscoto_bess_august_23_2018_na_na_wallcam_VARNER.csv,86,Varner,postscoto,bess,197.82199999999992,252.387,21.35900000000006,128.432
FRI_Scototaxis_VARNER/gridded_commongarden_postscoto_beth_july_27_2018_na_na_doorcam_VARNER.csv,60,Varner,postscoto,beth,13.677000000000014,371.86400000000003,3.7959999999999994,210.66299999999998
FRI_Scototaxis_VARNER/gridded_commongarden_postscoto_bethany_august_27_2018_na_na_wallcam_VARNER.csv,93,Varner,postscoto,bethany,176.58999999999986,297.74800000000016,20.499999999999993,105.16200000000002
FRI_Scototaxis_VASQUEZ/gridded_commongarden_postscoto_abigail_july_04_2018_na_na_wallcam_VASQUEZ.csv,43,Vasquez,postscoto,abigail,142.24100000000007,370.23799999999994,6.880000000000024,80.64099999999999
FRI_Scototaxis_VASQUEZ/gridded_commongarden_postscoto_allison_august_23_2018_na_na_wallcam_VASQUEZ.csv,58,Vasquez,postscoto,allison,195.6380000000001,260.2390000000002,16.25699999999989,127.86599999999979
FRI_Scototaxis_VASQUEZ/gridded_commongarden_postscoto_alyssa_july_24_2018_na_na_doorcam_VASQUEZ.csv,62,Vasquez,postscoto,alyssa,36.79600000000001,304.6880000000001,20.441000000000063,238.07499999999982
FRI_Scototaxis_VASQUEZ/gridded_commongarden_postscoto_amanda_july_24_2018_na_na_doorcam_VASQUEZ.csv,78,Vasquez,postscoto,amanda,105.2829999999999,298.1600000000002,23.798999999999893,172.75800000000007
FRI_Scototaxis_VASQUEZ/gridded_commongarden_postscoto_amber_july_27_2018_na_na_doorcam_VASQUEZ.csv,30,Vasquez,postscoto,amber,119.76200000000004,430.3590000000001,1.5599999999999739,48.31899999999996
FRI_Scototaxis_VASQUEZ/gridded_commongarden_postscoto_amy_august_23_2018_na_na_doorcam_VASQUEZ.csv,59,Vasquez,postscoto,amy,117.959,319.92,12.599999999999994,149.52100000000002
FRI_Scototaxis_VASQUEZ/gridded_commongarden_postscoto_andrea_july_27_2018_na_na_wallcam_VASQUEZ.csv,24,Vasquez,postscoto,andrea,209.2830000000001,378.9569999999999,3.0799999999999983,8.68
FRI_Scototaxis_VASQUEZ/gridded_commongarden_postscoto_anna_july_04_2018_na_na_doorcam_VASQUEZ.csv,112,Vasquez,postscoto,anna,268.36199999999997,250.52100000000019,3.400000000000034,77.71699999999979
FRI_Scototaxis_VASQUEZ/gridded_commongarden_postscoto_ariana_august_27_2018_na_na_doorcam_VASQUEZ.csv,83,Vasquez,postscoto,ariana,143.51800000000014,376.24299999999977,14.121000000000095,66.11799999999997
FRI_Scototaxis_VASQUEZ/gridded_commongarden_postscoto_audrey_august_23_2018_na_na_doorcam_VASQUEZ.csv,86,Vasquez,postscoto,audrey,97.361,397.2810000000001,4.237999999999985,101.11999999999989
FRI_Scototaxis_VASQUEZ/gridded_commongarden_postscoto_ava_july_04_2018_na_na_wallcam_VASQUEZ.csv,84,Vasquez,postscoto,ava,115.07800000000006,291.2810000000002,14.797999999999945,178.84299999999988
FRI_Scototaxis_VASQUEZ/gridded_commongarden_postscoto_bailey_july_04_2018_na_na_doorcam_VASQUEZ.csv,80,Vasquez,postscoto,bailey,243.44199999999987,318.4790000000002,7.037999999999954,31.041000000000025
FRI_Scototaxis_VASQUEZ/gridded_commongarden_postscoto_barbara_july_24_2018_na_na_doorcam_VASQUEZ.csv,56,Vasquez,postscoto,barbara,188.97100000000006,357.547,10.362000000000023,43.11999999999993
FRI_Scototaxis_VASQUEZ/gridded_commongarden_postscoto_barbie_july_04_2018_na_na_doorcam_VASQUEZ.csv,56,Vasquez,postscoto,barbie,217.522,344.9580000000001,11.200999999999965,26.31899999999996
FRI_Scototaxis_VASQUEZ/gridded_commongarden_postscoto_beatrice_july_24_2018_na_na_doorcam_VASQUEZ.csv,84,Vasquez,postscoto,beatrice,224.24200000000005,294.35699999999997,48.393999999999934,33.00700000000006
FRI_Scototaxis_VASQUEZ/gridded_commongarden_postscoto_becca_july_27_2018_na_na_doorcam_VASQUEZ.csv,72,Vasquez,postscoto,becca,25.76000000000007,312.6379999999998,5.920000000000016,255.68200000000007
FRI_Scototaxis_WAINDIM/gridded_commongarden_postscoto_abigail_july_04_2018_na_na_wallcam_WAINDIM.csv,56,Waindim,postscoto,abigail,152.31999999999996,357.48400000000004,10.636999999999972,79.55900000000005
FRI_Scototaxis_WAINDIM/gridded_commongarden_postscoto_allison_august_23_2018_na_na_wallcam_WAINDIM.csv,72,Waindim,postscoto,allison,191.68100000000018,265.94999999999976,19.67199999999997,122.69700000000009
FRI_Scototaxis_WAINDIM/gridded_commongarden_postscoto_alyssa_july_24_2018_na_na_doorcam_WAINDIM.csv,62,Waindim,postscoto,alyssa,46.07900000000013,300.30199999999985,19.479999999999933,234.13900000000007
FRI_Scototaxis_WAINDIM/gridded_commongarden_postscoto_amanda_juy_24_2018_na_na_doorcam_WAINDIM.csv,118,Waindim,postscoto,amanda,116.08700000000019,290.1059999999999,26.921999999999997,166.88499999999985
FRI_Scototaxis_WAINDIM/gridded_commongarden_postscoto_amber_july_27_2018_na_na_doorcam_WAINDIM.csv,28,Waindim,postscoto,amber,163.75300000000004,385.5699999999999,2.8019999999999925,47.87500000000006
FRI_Scototaxis_WAINDIM/gridded_commongarden_postscoto_amy_august_23_2018_na_na_doorcam_WAINDIM.csv,90,Waindim,postscoto,amy,128.4779999999999,302.39700000000033,15.69300000000004,153.43199999999973
FRI_Scototaxis_WAINDIM/gridded_commongarden_postscoto_andrea_july_27_2018_na_na_wallcam_WAINDIM.csv,43,Waindim,postscoto,andrea,211.76899999999992,377.31100000000004,3.0820000000000007,7.838000000000001
FRI_Scototaxis_WAINDIM/gridded_commongarden_postscoto_anna_july_04_2018_na_na_doorcam_WAINDIM.csv,136,Waindim,postscoto,anna,253.50400000000002,268.58700000000033,3.9170000000000584,73.99199999999959
FRI_Scototaxis_WAINDIM/gridded_commongarden_postscoto_ariana_august_27_2018_na_na_doorcam_WAINDIM.csv,97,Waindim,postscoto,ariana,150.58999999999992,371.5330000000001,14.31599999999986,63.56100000000018
FRI_Scototaxis_WAINDIM/gridded_commongarden_postscoto_audrey_august_23_2018_na_na_doorcam_WAINDIM.csv,95,Waindim,postscoto,audrey,120.99999999999994,380.7210000000002,7.282999999999973,90.99599999999994
FRI_Scototaxis_WAINDIM/gridded_commongarden_postscoto_ava_july_04_2018_na_na_wallcam_WAINDIM.csv,97,Waindim,postscoto,ava,118.60200000000009,277.55399999999986,15.598000000000027,188.24600000000004
FRI_Scototaxis_WAINDIM/gridded_commongarden_postscoto_bailey_july_04_2018_na_na_doorcam_WAINDIM.csv,73,Waindim,postscoto,bailey,177.65399999999966,380.26000000000033,9.406999999999954,32.67900000000003
FRI_Scototaxis_WAINDIM/gridded_commongarden_postscoto_barbara_july_24_2018_na_na_doorcam_WAINDIM.csv,72,Waindim,postscoto,barbara,207.4819999999999,333.6820000000001,16.279999999999955,42.55599999999998
FRI_Scototaxis_WAINDIM/gridded_commongarden_postscoto_barbie_july_04_2018_na_na_doorcam_WAINDIM.csv,49,Waindim,postscoto,barbie,323.47300000000007,237.32699999999983,12.323000000000036,26.87700000000001
FRI_Scototaxis_WAINDIM/gridded_commongarden_postscoto_beatrice_july_24_2018_na_na_doorcam_WAINDIM.csv,86,Waindim,postscoto,beatrice,316.46199999999993,203.53799999999984,46.75800000000015,33.242000000000104
FRI_Scototaxis_WAINDIM/gridded_commongarden_postscoto_becca_july_27_2018_na_na_doorcam_WAINDIM.csv,83,Waindim,postscoto,becca,25.75699999999997,308.09300000000025,8.970999999999982,257.17899999999986
FRI_Sociotaxis_EL-SOBKY/gridded_commongarden_prescoto_audrey_august_9_2018_na_na_wallcam_EL-SOBKY.csv,44,El-Sobky,prescoto,audrey,153.5199999999999,439.40100000000007,1.3179999999999836,5.761000000000081
FRI_Sociotaxis_EL-SOBKY/gridded_commongarden_prescoto_ava_july_04_2018_na_na_doorcam_EL-SOBKY.csv,84,El-Sobky,prescoto,ava,151.3939999999999,303.9230000000002,9.364000000000004,135.31899999999987
FRI_Sociotaxis_EL-SOBKY/gridded_commongarden_prescoto_bailey_july_04_2018_na_na_wallcam_EL-SOBKY.csv,22,El-Sobky,prescoto,bailey,71.83599999999996,521.4060000000001,5.197999999999979,1.5600000000000023
FRI_Sociotaxis_EL-SOBKY/gridded_commongarden_prescoto_barbara_july_10_2018_na_na_wallcam_EL-SOBKY.csv,30,El-Sobky,prescoto,barbara,48.36799999999995,503.27400000000006,0.5180000000000291,47.83999999999996
FRI_Sociotaxis_EL-SOBKY/gridded_commongarden_prescoto_barbie_july_04_2018_na_na_doorcam_EL-SOBKY.csv,77,El-Sobky,prescoto,barbie,151.30599999999998,342.13999999999993,6.757999999999981,99.7960000000001
FRI_Sociotaxis_EL-SOBKY/gridded_commongarden_prescoto_beatrice_july_10_2018_na_na_wallcam_EL-SOBKY.csv,64,El-Sobky,prescoto,beatrice,294.23999999999967,227.2340000000001,36.406000000000205,42.120000000000005
FRI_Sociotaxis_EL-SOBKY/gridded_commongarden_prescoto_becca_july_13_2018_na_na_wallcam_EL-SOBKY.csv,66,El-Sobky,prescoto,becca,10.923999999999978,534.4720000000001,1.0419999999999732,53.561999999999955
FRI_Sociotaxis_EL-SOBKY/gridded_commongarden_prescoto_bella_july_13_2018_na_na_doorcam_EL-SOBKY.csv,16,El-Sobky,prescoto,bella,14.521999999999956,585.4780000000001,0,0
FRI_Sociotaxis_EL-SOBKY/gridded_commongarden_prescoto_bernadette_august_9_2018_na_na_doorcam_EL-SOBKY.csv,48,El-Sobky,prescoto,bernadette,190.32199999999983,318.23000000000013,9.881999999999948,81.56600000000012
FRI_Sociotaxis_EL-SOBKY/gridded_commongarden_prescoto_bernice_august_13_2018_na_na_wallcam_EL-SOBKY.csv,86,El-Sobky,prescoto,bernice,164.32199999999995,291.114,23.39799999999991,121.1660000000002
FRI_Sociotaxis_EL-SOBKY/gridded_commongarden_prescoto_bess_august_9_2018_na_na_wallcam_EL-SOBKY.csv,48,El-Sobky,prescoto,bess,237.11600000000007,358.20599999999996,1.038000000000011,3.6399999999999864
FRI_Sociotaxis_EL-SOBKY/gridded_commongarden_prescoto_beth_july_13_2018_na_na_wallcam_EL-SOBKY.csv,10,El-Sobky,prescoto,beth,4.156000000000006,591.16,0,4.684000000000026
FRI_Sociotaxis_EL-SOBKY/gridded_commongarden_prescoto_bethany_august_13_2018_na_na_doorcam_EL-SOBKY.csv,39,El-Sobky,prescoto,bethany,27.555999999999997,281.8399999999999,5.194000000000003,285.41000000000014
FRI_Sociotaxis_EL-SOBKY/gridded_commongarden_prescoto_beverly_august_13_2018_na_na_wallcam_EL-SOBKY.csv,103,El-Sobky,prescoto,beverly,131.03400000000005,389.94600000000025,27.015999999999906,52.00399999999979
FRI_Sociotaxis_EL-SOBKY/gridded_commongarden_prescoto_beyonce_august_9_2018_na_na_doorcam_EL-SOBKY.csv,57,El-Sobky,prescoto,beyonce,190.30599999999993,302.4300000000001,6.248000000000019,101.0159999999999
FRI_Sociotaxis_EL-SOBKY/gridded_commongarden_prescoto_bianca_july_04_2018_na_na_wallcam_EL-SOBKY.csv,27,El-Sobky,prescoto,bianca,50.9659999999999,541.2580000000002,4.145999999999958,3.6300000000000523
